334.566,3750.498
334.5665,3750.906
334.567,3751.15
334.5675,3751.219
334.568,3751.109
334.5685,3750.864
334.569,3750.521
334.5695,3750.106
334.57,3749.658
334.5705,3749.219
334.571,3748.82
334.5715,3748.478
334.572,3748.193
334.5725,3747.961
334.573,3747.772
334.5735,3747.616
334.574,3747.499
334.5745,3747.396
334.575,3747.313
334.5755,3747.219
334.576,3747.151
334.5765,3747.105
334.577,3747.068
334.5775,3747.038
334.578,3747.015
334.5785,3746.998
334.579,3746.986
334.5795,3746.979
334.58,3746.979
334.5805,3746.983
334.581,3746.995
334.5815,3747.014
334.582,3747.042
334.5825,3747.08
334.583,3747.129
334.5835,3747.189
334.584,3747.258
334.5845,3747.329
334.585,3747.392
334.5855,3747.435
334.586,3747.455
334.5865,3747.455
334.587,3747.456
334.5875,3747.47
334.588,3747.508
334.5885,3747.574
334.589,3747.667
334.5895,3747.781
334.59,3747.897
334.5905,3747.983
334.591,3748.01
334.5915,3747.963
334.592,3747.854
334.5925,3747.677
334.593,3747.539
334.5935,3747.417
334.594,3747.318
334.5945,3747.227
334.595,3747.178
334.5955,3747.151
334.596,3747.146
334.5965,3747.159
334.597,3747.19
334.5975,3747.233
334.598,3747.278
334.5985,3772.944
334.599,3773.99
334.5995,3775.064
334.6,3776.178
334.6005,3777.353
334.601,3778.61
334.6015,3831.232
334.602,3834.784
334.6025,3838.583
334.603,3842.651
334.6035,3847.009
334.604,3851.682
334.6045,3856.699
334.605,3862.092
334.6055,3867.896
334.606,3874.155
334.6065,3880.915
334.607,3888.229
334.6075,3896.161
334.608,3904.779
334.6085,3914.166
334.609,3924.414
334.6095,3935.631
334.61,3947.942
334.6105,3961.495
334.611,3976.453
334.6115,3993.032
334.612,4011.463
334.6125,4032.032
334.613,4055.079
334.6135,4081.014
334.614,4110.335
334.6145,4143.649
334.615,4181.703
334.6155,4225.42
334.616,4275.955
334.6165,4334.742
334.617,4403.642
334.6175,4484.974
334.618,4581.723
334.6185,4697.705
334.619,4837.789
334.6195,5008.089
334.62,5216.038
334.6205,5470.042
334.621,5778.168
334.6215,6144.892
334.622,6565.093
334.6225,7016.653
334.623,7458.961
334.6235,7848.769
334.624,8169.996
334.6245,8445.078
334.625,8704.054
334.6255,8936.428
334.626,9071.582
334.6265,9043.172
334.627,8805.105
334.6275,8314.903
334.628,7731.141
334.6285,7150.005
334.629,6628.373
334.6295,6186.619
334.63,5823.727
334.6305,5529.728
334.631,5292.577
334.6315,5101.122
334.632,4946.037
334.6325,4819.881
334.633,4716.843
334.6335,4632.424
334.634,4563.156
334.6345,4506.363
334.635,4459.977
334.6355,4422.399
334.636,4392.398
334.6365,4369.031
334.637,4351.585
334.6375,4339.539
334.638,4332.528
334.6385,4330.331
334.639,4332.851
334.6395,4340.115
334.64,4352.271
334.6405,4369.593
334.641,4392.498
334.6415,4421.564
334.642,4457.563
334.6425,4501.496
334.643,4554.656
334.6435,4618.7
334.644,4695.753
334.6445,4788.546
334.645,4900.599
334.6455,5036.461
334.646,5202.029
334.6465,5404.94
334.647,5655.035
334.6475,5964.784
334.648,6349.458
334.6485,6826.409
334.649,7387.5
334.6495,8091.118
334.65,8896.243
334.6505,9740.887
334.651,10497.51
334.6515,10989.16
334.652,11016.27
334.6525,10651.83
334.653,9960.895
334.6535,9124.021
334.654,8291.64
334.6545,7547.049
334.655,7024.341
334.6555,6512.949
334.656,6099.816
334.6565,5767.285
334.657,5499.222
334.6575,5282.137
334.658,5105.377
334.6585,4960.618
334.659,4841.425
334.6595,4742.833
334.66,4661.001
334.6605,4592.961
334.661,4536.362
334.6615,4489.398
334.662,4450.645
334.6625,4418.983
334.663,4393.538
334.6635,4373.628
334.664,4358.736
334.6645,4348.478
334.665,4342.584
334.6655,4340.891
334.666,4343.326
334.6665,4349.911
334.667,4360.759
334.6675,4376.077
334.668,4396.179
334.6685,4421.494
334.669,4452.591
334.6695,4490.224
334.67,4535.323
334.6705,4589.002
334.671,4652.792
334.6715,4728.575
334.672,4818.744
334.6725,4926.346
334.673,5055.288
334.6735,5210.602
334.674,5398.802
334.6745,5628.296
334.675,5909.978
334.6755,6257.773
334.676,6689.067
334.6765,7224.459
334.677,7857.497
334.6775,8605.696
334.678,9551.22
334.6785,10586.43
334.679,11584.98
334.6795,12337.6
334.68,12621.86
334.6805,12338.27
334.681,11586.28
334.6815,10588.25
334.682,9553.405
334.6825,8608.079
334.683,7801.379
334.6835,7136.669
334.684,6597.534
334.6845,6162.27
334.685,5810.24
334.6855,5524.009
334.686,5289.613
334.6865,5096.185
334.687,4935.234
334.6875,4800.286
334.688,4686.286
334.6885,4589.361
334.689,4506.284
334.6895,4434.675
334.69,4372.592
334.6905,4318.483
334.691,4271.096
334.6915,4229.417
334.692,4192.623
334.6925,4160.025
334.693,4131.041
334.6935,4105.146
334.694,4081.845
334.6945,4060.671
334.695,4041.223
334.6955,4023.241
334.696,4006.605
334.6965,3991.273
334.697,3977.201
334.6975,3964.313
334.698,3952.505
334.6985,3941.657
334.699,3931.643
334.6995,3922.366
334.7,3913.756
334.7005,3905.761
334.701,3898.337
334.7015,3891.438
334.702,3885.014
334.7025,3879.019
334.703,3873.411
334.7035,3868.159
334.704,3863.242
334.7045,3858.651
334.705,3854.346
334.7055,3748.311
334.706,3748.394
334.7065,3748.516
334.707,3748.684
334.7075,3748.877
334.708,3749.165
334.7085,3749.531
334.709,3749.989
334.7095,3750.548
334.71,3751.204
334.7105,3751.93
334.711,3752.657
334.7115,3753.34
334.712,3753.924
334.7125,3754.314
334.713,3754.47
334.7135,3754.316
334.714,3753.829
334.7145,3753.089
334.715,3752.238
334.7155,3751.406
334.716,3750.665
334.7165,3750.042
334.717,3749.532
334.7175,3749.122
334.718,3748.794
334.7185,3748.533
334.719,3748.326
334.7195,3748.165
334.72,3748.019
334.7205,3747.886
334.721,3747.825
334.7215,3747.788
334.722,3747.771
334.7225,3747.766
334.723,3747.763
334.7235,3747.75
334.724,3747.724
334.7245,3747.678
334.725,3747.645
334.7255,3747.623
334.726,3747.622
334.7265,3747.645
334.727,3747.694
334.7275,3747.769
334.728,3747.858
334.7285,3747.955
334.729,3748.032
334.7295,3748.065
334.73,3748.042
334.7305,3747.975
334.731,3747.89
334.7315,3747.812
334.732,3747.756
334.7325,3747.733
334.733,3747.744
334.7335,3747.794
334.734,3747.884
334.7345,3748.016
334.735,3748.187
334.7355,3748.384
334.736,3748.578
334.7365,3748.721
334.737,3748.73
334.7375,3748.65
334.738,3818.302
334.7385,3820.91
334.739,3823.624
334.7395,3826.617
334.74,3829.85
334.7405,3868.258
334.741,3873.446
334.7415,3879.015
334.742,3884.992
334.7425,3891.411
334.743,3898.309
334.7435,3905.728
334.744,3913.719
334.7445,3922.338
334.745,3931.649
334.7455,3941.727
334.746,3952.654
334.7465,3964.527
334.747,3977.457
334.7475,3991.571
334.748,4007.016
334.7485,4023.962
334.749,4042.603
334.7495,4063.182
334.75,4085.965
334.7505,4111.275
334.751,4139.496
334.7515,4171.083
334.752,4206.586
334.7525,4246.666
334.753,4292.128
334.7535,4343.959
334.754,4403.373
334.7545,4471.876
334.755,4551.344
334.7555,4644.175
334.756,4753.371
334.7565,4882.782
334.757,5037.353
334.7575,5223.454
334.758,5449.29
334.7585,5725.34
334.759,6064.731
334.7595,6483.188
334.76,6997.792
334.7605,7622.975
334.761,8361.15
334.7615,9185.742
334.762,10020.36
334.7625,10734.35
334.763,11186.77
334.7635,11311.02
334.764,11156.43
334.7645,10827.84
334.765,10394.12
334.7655,9865.24
334.766,9240.775
334.7665,8555.637
334.767,7872.197
334.7675,7362.905
334.768,6824.85
334.7685,6376.091
334.769,6008.559
334.7695,5709.677
334.77,5466.761
334.7705,5268.756
334.771,5106.634
334.7715,4973.246
334.772,4863.008
334.7725,4771.583
334.773,4695.598
334.7735,4632.424
334.774,4580.012
334.7745,4536.754
334.775,4501.394
334.7755,4472.949
334.776,4450.66
334.7765,4433.948
334.777,4422.382
334.7775,4415.667
334.778,4413.616
334.7785,4416.152
334.779,4423.299
334.7795,4435.183
334.78,4452.033
334.7805,4474.2
334.781,4502.161
334.7815,4536.547
334.782,4578.172
334.7825,4628.069
334.783,4687.548
334.7835,4758.262
334.784,4842.304
334.7845,4942.328
334.785,5061.723
334.7855,5204.829
334.786,5377.233
334.7865,5586.166
334.787,5840.983
334.7875,6153.782
334.788,6540.03
334.7885,6951.888
334.789,7549.077
334.7895,8285.886
334.79,9180.6
334.7905,10229.54
334.791,11344.6
334.7915,12453.81
334.792,13289.71
334.7925,13605.18
334.793,13289.71
334.7935,12453.82
334.794,11344.61
334.7945,10194.63
334.795,9144.268
334.7955,8248.044
334.796,7509.629
334.7965,6957.438
334.797,6569.266
334.7975,6184.054
334.798,5872.344
334.7985,5618.672
334.799,5410.946
334.7995,5239.812
334.8,5098.097
334.8005,4980.115
334.801,4881.582
334.8015,4799.114
334.802,4730.062
334.8025,4672.337
334.803,4624.293
334.8035,4584.626
334.804,4552.308
334.8045,4526.531
334.805,4506.669
334.8055,4492.25
334.806,4482.928
334.8065,4478.474
334.807,4478.763
334.8075,4483.768
334.808,4493.565
334.8085,4508.312
334.809,4528.287
334.8095,4553.958
334.81,4585.739
334.8105,4624.306
334.811,4670.563
334.8115,4725.594
334.812,4790.771
334.8125,4867.811
334.813,4958.878
334.8135,5066.704
334.814,5194.752
334.8145,5347.445
334.815,5530.451
334.8155,5751.078
334.816,6018.775
334.8165,6345.761
334.817,6747.756
334.8175,7244.676
334.818,7747.559
334.8185,8515.052
334.819,9455.682
334.8195,10582.51
334.82,11871.04
334.8205,13222.42
334.821,14433.23
334.8215,15221.19
334.822,15346.61
334.8225,14765.67
334.823,13663.93
334.8235,12329.4
334.824,11002.02
334.8245,9814.584
334.825,8811.662
334.8255,7988.868
334.826,7322.188
334.8265,6783.524
334.827,6347.274
334.8275,5991.808
334.828,5700.175
334.8285,5459.05
334.829,5258.167
334.8295,5089.422
334.83,4946.672
334.8305,4825.086
334.831,4720.873
334.8315,4631.035
334.832,4553.197
334.8325,4485.386
334.833,4426.004
334.8335,4373.667
334.834,4327.145
334.8345,4285.361
334.835,4247.463
334.8355,4212.893
334.836,4181.339
334.8365,4152.604
334.837,4126.492
334.8375,4102.779
334.838,4081.228
334.8385,4061.603
334.839,4043.726
334.8395,4027.332
334.84,4012.289
334.8405,3998.452
334.841,3985.697
334.8415,3973.912
334.842,3963.006
334.8425,3952.895
334.843,3943.507
334.8435,3934.775
334.844,3926.655
334.8445,3919.095
334.845,3912.053
334.8455,3905.497
334.846,3899.416
334.8465,3893.751
334.847,3843.592
334.8475,3750.596
334.848,3751.153
334.8485,3751.849
334.849,3752.715
334.8495,3753.775
334.85,3755.036
334.8505,3756.406
334.851,3757.865
334.8515,3759.142
334.852,3759.999
334.8525,3760.303
334.853,3760.095
334.8535,3759.507
334.854,3758.647
334.8545,3757.602
334.855,3756.478
334.8555,3755.391
334.856,3754.421
334.8565,3753.584
334.857,3752.852
334.8575,3752.198
334.858,3751.614
334.8585,3751.103
334.859,3750.694
334.8595,3750.385
334.86,3750.105
334.8605,3749.963
334.861,3749.953
334.8615,3750.034
334.862,3750.202
334.8625,3750.429
334.863,3750.669
334.8635,3750.843
334.864,3750.87
334.8645,3750.715
334.865,3750.409
334.8655,3750.033
334.866,3749.661
334.8665,3749.338
334.867,3749.084
334.8675,3748.904
334.868,3748.794
334.8685,3748.749
334.869,3748.761
334.8695,3748.815
334.87,3748.883
334.8705,3748.925
334.871,3748.896
334.8715,3748.779
334.872,3748.588
334.8725,3748.362
334.873,3794.987
334.8735,3796.688
334.874,3798.537
334.8745,3800.543
334.875,3802.713
334.8755,3805.057
334.876,3901.287
334.8765,3907.823
334.877,3914.803
334.8775,3922.155
334.878,3930.144
334.8785,3938.704
334.879,3947.887
334.8795,3957.698
334.88,3968.317
334.8805,3979.764
334.881,3992.125
334.8815,4005.499
334.882,4020
334.8825,4035.74
334.883,4052.899
334.8835,4071.632
334.884,4092.136
334.8845,4114.64
334.885,4139.411
334.8855,4166.763
334.886,4197.065
334.8865,4230.753
334.887,4268.348
334.8875,4310.472
334.888,4357.875
334.8885,4411.465
334.889,4472.355
334.8895,4541.871
334.89,4621.777
334.8905,4714.143
334.891,4821.616
334.8915,4947.548
334.892,5096.203
334.8925,5273.034
334.893,5485.02
334.8935,5741.058
334.894,6052.322
334.8945,6432.397
334.895,6896.652
334.8955,7459.826
334.896,8130.102
334.8965,8898.104
334.897,9723.439
334.8975,10531.86
334.898,11244.33
334.8985,11831.45
334.899,12334.24
334.8995,12807.58
334.9,13232.3
334.9005,13479.33
334.901,13373.88
334.9015,12829.54
334.902,11926.9
334.9025,10852.84
334.903,9783.135
334.9035,8821.689
334.904,8057.626
334.9045,7491.152
334.905,6950.48
334.9055,6513.418
334.906,6159.552
334.9065,5871.798
334.907,5636.511
334.9075,5443.019
334.908,5283.046
334.9085,5150.188
334.909,5039.474
334.9095,4947.039
334.91,4869.859
334.9105,4805.564
334.911,4752.289
334.9115,4708.565
334.912,4673.241
334.9125,4645.421
334.913,4624.418
334.9135,4609.722
334.914,4600.975
334.9145,4597.954
334.915,4600.559
334.9155,4608.812
334.916,4622.854
334.9165,4642.952
334.917,4669.507
334.9175,4703.073
334.918,4744.381
334.9185,4794.372
334.919,4854.237
334.9195,4925.485
334.92,5010.013
334.9205,5110.211
334.921,5229.105
334.9215,5370.542
334.922,5539.417
334.9225,5742.027
334.923,5986.486
334.9235,6238.237
334.924,6602.662
334.9245,7050.39
334.925,7603.566
334.9255,8289.296
334.926,9138.372
334.9265,10089.99
334.927,11342.23
334.9275,12774.15
334.928,14275.87
334.9285,15621.28
334.929,16496.66
334.9295,16635.63
334.93,15989.49
334.9305,14764.47
334.931,13280.71
334.9315,11804.92
334.932,10484.77
334.9325,9370.031
334.933,8455.688
334.9335,7715.084
334.934,7238.373
334.9345,6819.546
334.935,6432.573
334.9355,6116.92
334.936,5857.853
334.9365,5643.854
334.937,5466.136
334.9375,5317.887
334.938,5193.74
334.9385,5089.562
334.939,5002.087
334.9395,4928.738
334.94,4867.482
334.9405,4816.685
334.941,4775.072
334.9415,4741.634
334.942,4715.584
334.9425,4696.32
334.943,4683.401
334.9435,4676.524
334.944,4675.515
334.9445,4680.314
334.945,4690.98
334.9455,4707.746
334.946,4730.907
334.9465,4760.703
334.947,4797.839
334.9475,4843.087
334.948,4897.43
334.9485,4962.107
334.949,5038.666
334.9495,5129.042
334.95,5235.655
334.9505,5361.557
334.951,5510.597
334.9515,5687.668
334.952,5899.02
334.9525,6152.681
334.953,6459.015
334.9535,6831.426
334.954,7287.239
334.9545,7798.743
334.955,8395.73
334.9555,9263.312
334.956,10334.3
334.9565,11639.9
334.957,13185.58
334.9575,14913.07
334.958,16649.47
334.9585,18082.79
334.959,18838.62
334.9595,18675.81
334.96,17651.38
334.9605,16077.02
334.961,14319.7
334.9615,12643.96
334.962,11178.31
334.9625,9954.692
334.963,8956.195
334.9635,8148.673
334.964,7495.943
334.9645,6966.389
334.965,6534.27
334.9655,6178.733
334.966,5884.045
334.9665,5637.906
334.967,5430.8
334.9675,5255.339
334.968,5105.743
334.9685,4977.449
334.969,4866.819
334.9695,4770.756
334.97,4686.671
334.9705,4612.286
334.971,4545.728
334.9715,4485.663
334.972,4431.288
334.9725,4382.127
334.973,4337.769
334.9735,4297.778
334.974,4261.694
334.9745,4229.067
334.975,4199.486
334.9755,4172.59
334.976,4148.122
334.9765,4125.697
334.977,4105.138
334.9775,4086.247
334.978,4068.85
334.9785,4052.797
334.979,4037.96
334.9795,4024.227
334.98,4011.497
334.9805,3999.688
334.981,3988.725
334.9815,3978.546
334.982,3969.099
334.9825,3960.34
334.983,3952.15
334.9835,3944.68
334.984,3937.825
334.9845,3814.74
334.985,3755.087
334.9855,3756.42
334.986,3758.013
334.9865,3759.832
334.987,3761.948
334.9875,3764.246
334.988,3766.536
334.9885,3768.599
334.989,3770.113
334.9895,3770.8
334.99,3770.464
334.9905,3769.112
334.991,3767.057
334.9915,3764.738
334.992,3762.532
334.9925,3760.638
334.993,3759.091
334.9935,3757.82
334.994,3756.72
334.9945,3755.714
334.995,3754.786
334.9955,3753.962
334.996,3753.214
334.9965,3752.563
334.997,3752.198
334.9975,3751.99
334.998,3751.934
334.9985,3752.025
334.999,3752.248
334.9995,3752.566
335,3752.9
335.0005,3753.129
335.001,3753.124
335.0015,3752.825
335.002,3752.285
335.0025,3751.623
335.003,3750.954
335.0035,3750.344
335.004,3749.821
335.0045,3873.232
335.005,3877.915
335.0055,3882.973
335.006,3888.423
335.0065,3894.281
335.007,3962.498
335.0075,3971.775
335.008,3981.706
335.0085,3992.345
335.009,4003.755
335.0095,4016.004
335.01,4029.172
335.0105,4043.348
335.011,4058.634
335.0115,4075.146
335.012,4093.002
335.0125,4112.376
335.013,4133.428
335.0135,4156.354
335.014,4181.286
335.0145,4208.673
335.015,4238.723
335.0155,4271.603
335.016,4308.1
335.0165,4348.508
335.017,4393.397
335.0175,4443.448
335.018,4499.469
335.0185,4562.433
335.019,4633.515
335.0195,4714.115
335.02,4806.038
335.0205,4911.409
335.021,5032.9
335.0215,5173.858
335.022,5338.493
335.0225,5532.152
335.023,5761.662
335.0235,6035.793
335.024,6365.844
335.0245,6766.36
335.025,7255.935
335.0255,7857.844
335.026,8599.977
335.0265,9512.568
335.027,10621.33
335.0275,11930.48
335.028,13392.89
335.0285,14873.08
335.029,16139.39
335.0295,16941.75
335.03,17162.11
335.0305,16887.95
335.031,16305.18
335.0315,15535.98
335.032,14598.02
335.0325,13490.54
335.033,12275.45
335.0335,11063.37
335.034,9951.113
335.0345,8988.363
335.035,8183.452
335.0355,7522.021
335.036,6981.722
335.0365,6540
335.037,6379.891
335.0375,6088.168
335.038,5847.038
335.0385,5646.557
335.039,5478.983
335.0395,5338.282
335.04,5219.732
335.0405,5119.625
335.041,5035.031
335.0415,4963.627
335.042,4903.564
335.0425,4853.367
335.043,4811.86
335.0435,4778.112
335.044,4751.389
335.0445,4731.124
335.045,4716.892
335.0455,4708.395
335.046,4705.446
335.0465,4707.975
335.047,4715.977
335.0475,4729.584
335.048,4749.021
335.0485,4774.625
335.049,4806.862
335.0495,4846.335
335.05,4893.819
335.0505,4950.283
335.051,5016.939
335.0515,5095.29
335.052,5187.207
335.0525,5295.019
335.053,5421.637
335.0535,5570.718
335.054,5746.88
335.0545,5955.993
335.055,6086.463
335.0555,6390.614
335.056,6757.075
335.0565,7201.987
335.057,7746.186
335.0575,8356.767
335.058,9188.313
335.0585,10218.3
335.059,11488.22
335.0595,13029.54
335.06,14835.96
335.0605,16813.68
335.061,18721.29
335.0615,20158.87
335.062,20701.43
335.0625,20158.88
335.063,18721.32
335.0635,16813.75
335.064,14836.12
335.0645,13029.73
335.065,11488.44
335.0655,10218.54
335.066,9188.596
335.0665,8357.089
335.067,7684.632
335.0675,7138.12
335.068,6924.009
335.0685,6564.297
335.069,6267.316
335.0695,6020.624
335.07,5814.583
335.0705,5641.692
335.071,5496.079
335.0715,5373.12
335.072,5269.172
335.0725,5181.362
335.073,5107.416
335.0735,5045.523
335.074,4994.231
335.0745,4952.379
335.075,4919.048
335.0755,4893.521
335.076,4875.252
335.0765,4863.854
335.077,4859.071
335.0775,4860.991
335.078,4869.298
335.0785,4884.108
335.079,4905.762
335.0795,4934.635
335.08,4971.249
335.0805,5016.291
335.081,5070.646
335.0815,5135.426
335.082,5212.022
335.0825,5302.167
335.083,5408.018
335.0835,5532.261
335.084,5678.258
335.0845,5850.233
335.085,6053.522
335.0855,6294.905
335.086,6583.046
335.0865,6929.072
335.087,7347.367
335.0875,7661.46
335.088,8292.439
335.0885,9068.13
335.089,10026.67
335.0895,11213.39
335.09,12676.2
335.0905,14451.51
335.091,16532.17
335.0915,18810.12
335.092,21007.11
335.0925,22662.36
335.093,23286.36
335.0935,22660.36
335.094,21003.54
335.0945,18805.54
335.095,16527.03
335.0955,14446.47
335.096,12671.08
335.0965,11208.48
335.097,10022.6
335.0975,9065.354
335.098,8291.528
335.0985,7662.856
335.099,7148.692
335.0995,6725.076
335.1,6373.45
335.1005,6079.43
335.101,5831.756
335.1015,5621.432
335.102,5441.145
335.1025,5284.77
335.103,5147.647
335.1035,5026.448
335.104,4918.944
335.1045,4823.524
335.105,4738.807
335.1055,4663.5
335.106,4596.401
335.1065,4536.437
335.107,4482.669
335.1075,4434.3
335.108,4390.651
335.1085,4351.151
335.109,4315.315
335.1095,4282.729
335.11,4253.035
335.1105,4225.909
335.111,4201.043
335.1115,4178.14
335.112,4156.927
335.1125,4137.204
335.113,4118.86
335.1135,4101.854
335.114,4086.14
335.1145,4071.645
335.115,4058.459
335.1155,4046.464
335.116,4035.653
335.1165,4026.022
335.117,4017.598
335.1175,4010.423
335.118,4004.385
335.1185,3775.308
335.119,3780.182
335.1195,3785.146
335.12,3789.397
335.1205,3792.012
335.121,3792.428
335.1215,3790.716
335.122,3787.4
335.1225,3783.136
335.123,3778.561
335.1235,3774.199
335.124,3770.382
335.1245,3767.241
335.125,3764.763
335.1255,3762.853
335.126,3761.367
335.1265,3760.129
335.127,3758.971
335.1275,3757.793
335.128,3756.389
335.1285,3755.13
335.129,3754.074
335.1295,3753.149
335.13,3752.358
335.1305,3751.688
335.131,3751.124
335.1315,3831.25
335.132,3834.126
335.1325,3837.265
335.133,3840.672
335.1335,3844.358
335.134,3848.338
335.1345,4013.836
335.135,4025.026
335.1355,4036.981
335.136,4049.768
335.1365,4063.457
335.137,4078.129
335.1375,4093.841
335.138,4110.768
335.1385,4128.99
335.139,4148.638
335.1395,4169.861
335.14,4192.831
335.1405,4217.74
335.141,4244.811
335.1415,4274.297
335.142,4306.493
335.1425,4341.738
335.143,4380.425
335.1435,4423.015
335.144,4470.046
335.1445,4522.153
335.145,4580.087
335.1455,4644.744
335.146,4716.803
335.1465,4798.35
335.147,4890.542
335.1475,4995.139
335.148,5114.797
335.1485,5252.264
335.149,5411.166
335.1495,5596.059
335.15,5812.707
335.1505,6068.447
335.151,6372.66
335.1515,6737.352
335.152,7177.829
335.1525,7713.272
335.153,8367.141
335.1535,9165.827
335.154,10134.69
335.1545,11287.81
335.155,12609.08
335.1555,14028.95
335.156,15419.74
335.1565,16645.44
335.157,17655.5
335.1575,18520.48
335.158,19334.79
335.1585,20065.47
335.159,20490.44
335.1595,20309.03
335.16,19372.56
335.1605,17819.7
335.161,15971.94
335.1615,14131.65
335.162,12477.62
335.1625,11073.84
335.163,9917.025
335.1635,8975.738
335.164,8212.002
335.1645,7590.635
335.165,7082.187
335.1655,6749.687
335.166,6578.222
335.1665,6297.467
335.167,6062.878
335.1675,5865.834
335.168,5699.627
335.1685,5558.986
335.169,5439.748
335.1695,5338.61
335.17,5252.938
335.1705,5180.624
335.171,5119.98
335.1715,5069.653
335.172,5028.565
335.1725,4995.866
335.173,4970.895
335.1735,4953.153
335.174,4942.288
335.1745,4938.075
335.175,4940.413
335.1755,4949.314
335.176,4964.912
335.1765,4987.456
335.177,5017.328
335.1775,5055.053
335.178,5101.316
335.1785,5156.995
335.179,5223.185
335.1795,5301.253
335.18,5392.894
335.1805,5500.205
335.181,5625.793
335.1815,5772.902
335.182,5868.081
335.1825,6074.374
335.183,6317.65
335.1835,6606.146
335.184,6950.409
335.1845,7364.015
335.185,7709.543
335.1855,8325.444
335.186,9079.778
335.1865,10009.48
335.187,11159.82
335.1875,12582.16
335.188,14325.41
335.1885,16413.75
335.189,18801.73
335.1895,21306.12
335.19,23549.85
335.1905,25009.77
335.191,25241.6
335.1915,24164.4
335.192,22121.56
335.1925,19647.19
335.193,17186.06
335.1935,14984.47
335.194,13125.28
335.1945,11600.55
335.195,10365.45
335.1955,9367.809
335.196,8559.776
335.1965,7901.552
335.197,7361.461
335.1975,7209.007
335.198,6848.594
335.1985,6548.395
335.199,6296.973
335.1995,6085.424
335.2,5906.774
335.2005,5755.529
335.201,5627.339
335.2015,5518.739
335.202,5426.96
335.2025,5349.786
335.203,5285.438
335.2035,5232.497
335.204,5189.835
335.2045,5156.571
335.205,5132.206
335.2055,5115.906
335.206,5107.857
335.2065,5107.199
335.207,5114.226
335.2075,5129.031
335.208,5151.84
335.2085,5183.025
335.209,5222.995
335.2095,5272.366
335.21,5331.914
335.2105,5402.708
335.211,5486.209
335.2115,5584.315
335.212,5699.387
335.2125,5834.299
335.213,5992.558
335.2135,6178.481
335.214,6397.43
335.2145,6656.111
335.215,6962.933
335.2155,7328.501
335.216,7683.08
335.2165,8047.384
335.217,8697.328
335.2175,9490.309
335.218,10465.36
335.2185,11671.16
335.219,13164.93
335.2195,15006.79
335.22,17242.27
335.2205,19862.31
335.221,22731.01
335.2215,25498.13
335.222,27583.32
335.2225,28369.77
335.223,27581.55
335.2235,25494.8
335.224,22726.01
335.2245,19855.62
335.225,17234.7
335.2255,14998.42
335.226,13156.47
335.2265,11663.24
335.227,10458.58
335.2275,9485.389
335.228,8695.464
335.2285,8050.089
335.229,7518.778
335.2295,7077.582
335.23,6707.587
335.2305,6393.893
335.231,6124.98
335.2315,5892.296
335.232,5689.718
335.2325,5512.75
335.233,5357.784
335.2335,5221.69
335.234,5101.742
335.2345,4995.619
335.235,4901.383
335.2355,4817.352
335.236,4742.261
335.2365,4674.87
335.237,4614.23
335.2375,4559.49
335.238,4509.945
335.2385,4465.003
335.239,4424.161
335.2395,4386.992
335.24,4353.131
335.2405,4322.256
335.241,4294.058
335.2415,4268.224
335.242,4244.178
335.2425,4222.109
335.243,4201.574
335.2435,4182.548
335.244,4165.117
335.2445,4149.399
335.245,4135.373
335.2455,4123.367
335.246,4113.32
335.2465,4105.257
335.247,4099.076
335.2475,4094.411
335.248,3807.586
335.2485,3814.002
335.249,3818.298
335.2495,3819.571
335.25,3817.413
335.2505,3812.139
335.251,3804.798
335.2515,3796.74
335.252,3789.039
335.2525,3782.264
335.253,3776.576
335.2535,3771.912
335.254,3768.123
335.2545,3971.66
335.255,3977.567
335.2555,3984.281
335.256,3992.091
335.2565,4000.466
335.257,4113.389
335.2575,4128.122
335.258,4144.058
335.2585,4161.268
335.259,4179.81
335.2595,4199.843
335.26,4221.461
335.2605,4244.805
335.261,4270.039
335.2615,4297.347
335.262,4326.945
335.2625,4359.079
335.263,4394.031
335.2635,4432.125
335.264,4473.737
335.2645,4519.298
335.265,4569.313
335.2655,4624.367
335.266,4685.147
335.2665,4752.459
335.267,4827.256
335.2675,4910.669
335.268,5003.983
335.2685,5108.955
335.269,5227.475
335.2695,5361.925
335.27,5515.22
335.2705,5690.953
335.271,5893.584
335.2715,6128.691
335.272,6403.303
335.2725,6726.337
335.273,7109.183
335.2735,7566.47
335.274,8116.804
335.2745,8784.815
335.275,9601.538
335.2755,10605.18
335.276,11843.25
335.2765,13365.8
335.277,15215.5
335.2775,17399.52
335.278,19839.21
335.2785,22308.56
335.279,24421.09
335.2795,25759.65
335.28,26127.26
335.2805,25669.89
335.281,24697.68
335.2815,23414.45
335.282,21849.69
335.2825,20002.1
335.283,17975.04
335.2835,15952.97
335.284,14097.44
335.2845,12491.32
335.285,11148.51
335.2855,10045.07
335.286,9143.709
335.2865,8406.803
335.287,7801.542
335.2875,7301.104
335.288,6884.211
335.2885,6534.208
335.289,6238.096
335.2895,5985.719
335.29,5987.541
335.2905,5918.504
335.291,5769.707
335.2915,5642.229
335.292,5532.906
335.2925,5439.189
335.293,5359.015
335.2935,5290.71
335.294,5232.915
335.2945,5184.529
335.295,5144.664
335.2955,5112.607
335.296,5087.805
335.2965,5069.83
335.297,5058.376
335.2975,5053.243
335.298,5054.331
335.2985,5061.636
335.299,5075.253
335.2995,5095.373
335.3,5122.292
335.3005,5156.422
335.301,5198.299
335.3015,5248.604
335.302,5308.188
335.3025,5378.139
335.303,5459.674
335.3035,5554.379
335.304,5664.19
335.3045,5791.468
335.305,5740.431
335.3055,5919.509
335.306,6126.569
335.3065,6367.186
335.307,6648.34
335.3075,6879.516
335.308,7274.381
335.3085,7744.11
335.309,8307.41
335.3095,8988.479
335.31,9818.543
335.3105,10837.59
335.311,12095.84
335.3115,13653.65
335.312,15576.98
335.3125,17922.08
335.313,20699.11
335.3135,23803.6
335.314,26924.84
335.3145,29501.8
335.315,30861.23
335.3155,30568.88
335.316,28727.39
335.3165,25897.15
335.317,22738.09
335.3175,19725.87
335.318,17092.03
335.3185,14893.11
335.319,13099
335.3195,11648.01
335.32,10475.35
335.3205,9523.938
335.321,8747.145
335.3215,8108.14
335.322,7578.286
335.3225,7135.42
335.323,6884.037
335.3235,6815.749
335.324,6560.41
335.3245,6343.857
335.325,6159.659
335.3255,6002.691
335.326,5868.923
335.3265,5754.842
335.327,5657.775
335.3275,5575.464
335.328,5506.106
335.3285,5448.332
335.329,5401.686
335.3295,5364.572
335.33,5336.371
335.3305,5316.878
335.331,5305.747
335.3315,5302.762
335.332,5307.838
335.3325,5321.023
335.333,5342.501
335.3335,5372.577
335.334,5411.783
335.3345,5460.748
335.335,5520.32
335.3355,5591.785
335.336,5676.067
335.3365,5775.024
335.337,5890.691
335.3375,6025.553
335.338,6182.631
335.3385,6365.575
335.339,6578.794
335.3395,6827.687
335.34,7119.103
335.3405,7251.958
335.341,7560.997
335.3415,8056.894
335.342,8649.581
335.3425,9362.981
335.343,10228.34
335.3435,11286.3
335.344,12589.19
335.3445,14201.42
335.345,16195.96
335.3455,18642.02
335.346,21573.76
335.3465,24927.34
335.347,28445.26
335.3475,31598.44
335.348,33650.18
335.3485,33977
335.349,32465.27
335.3495,29597.44
335.35,26124.05
335.3505,22670.03
335.351,19581.44
335.3515,16974.69
335.352,14838.56
335.3525,13110.29
335.353,11715.73
335.3535,10586.36
335.354,9664.539
335.3545,8904.655
335.355,8272.243
335.3555,7741.859
335.356,7294.408
335.3565,6914.981
335.357,6591.593
335.3575,6314.523
335.358,6075.88
335.3585,5869.247
335.359,5689.338
335.3595,5531.701
335.36,5392.496
335.3605,5268.481
335.361,5157.156
335.3615,5056.815
335.362,4966.32
335.3625,4884.771
335.363,4811.316
335.3635,4745.133
335.364,4685.451
335.3645,4631.581
335.365,4582.907
335.3655,4538.659
335.366,4498.683
335.3665,4462.208
335.367,4428.732
335.3675,4397.943
335.368,4369.797
335.3685,4344.042
335.369,4321.684
335.3695,4302.467
335.37,4286.466
335.3705,4273.593
335.371,4263.404
335.3715,4254.856
335.372,4246.207
335.3725,4235.45
335.373,4351.586
335.3735,4222.115
335.374,3977.586
335.3745,3974.309
335.375,3970.341
335.3755,3966.941
335.376,4225.662
335.3765,4236.052
335.377,4249.076
335.3775,4264.611
335.378,4282.58
335.3785,4302.925
335.379,4325.633
335.3795,4350.198
335.38,4377.54
335.3805,4407.78
335.381,4440.816
335.3815,4476.875
335.382,4516.234
335.3825,4559.22
335.383,4606.223
335.3835,4657.698
335.384,4714.179
335.3845,4776.292
335.385,4844.769
335.3855,4920.474
335.386,5004.225
335.3865,5097.644
335.387,5201.961
335.3875,5318.905
335.388,5450.558
335.3885,5599.449
335.389,5768.662
335.3895,5961.991
335.39,6184.135
335.3905,6440.957
335.391,6739.821
335.3915,7090.046
335.392,7503.5
335.3925,7995.247
335.393,8584.91
335.3935,9297.133
335.394,10163.01
335.3945,11220.32
335.395,12511.83
335.3955,14078.57
335.396,15943.25
335.3965,18079.87
335.397,20375.94
335.3975,22624.97
335.398,24606.28
335.3985,26239.66
335.399,27638.44
335.3995,28954.89
335.4,30136.49
335.4005,30823.73
335.401,30530.37
335.4015,29015.97
335.402,26504.79
335.4025,23516.7
335.403,20540.71
335.4035,17865.92
335.404,15595.82
335.4045,13725.1
335.405,12202.91
335.4055,10967.85
335.406,9963.018
335.4065,9140.79
335.407,8463.085
335.4075,7900.082
335.408,7428.611
335.4085,7030.69
335.409,6692.315
335.4095,6402.525
335.41,6152.678
335.4105,6071.512
335.411,6159.066
335.4115,6010.003
335.412,5881.601
335.4125,5771.019
335.413,5675.948
335.4135,5594.503
335.414,5525.146
335.4145,5466.622
335.415,5417.911
335.4155,5378.192
335.416,5346.978
335.4165,5323.442
335.417,5307.369
335.4175,5298.502
335.418,5296.694
335.4185,5301.897
335.419,5314.159
335.4195,5333.617
335.42,5360.5
335.4205,5395.153
335.421,5438.072
335.4215,5489.93
335.422,5551.59
335.4225,5624.106
335.423,5708.742
335.4235,5681.677
335.424,5800.166
335.4245,5936.127
335.425,6092.323
335.4255,6272.138
335.426,6479.738
335.4265,6469.594
335.427,6758.947
335.4275,7095.2
335.428,7488.564
335.4285,7952.002
335.429,8502.092
335.4295,9160.149
335.43,9953.695
335.4305,10918.3
335.431,12099.68
335.4315,13555.74
335.432,15357.34
335.4325,17584.95
335.433,20315.14
335.4335,23585.78
335.434,27326.38
335.4345,31248.67
335.435,34762.78
335.4355,37049.39
335.436,37412.8
335.4365,35725.86
335.437,32527.54
335.4375,28653.32
335.438,24800.08
335.4385,21353.58
335.439,18443.58
335.4395,16057.26
335.44,14124.64
335.4405,12563.52
335.441,11298.6
335.4415,10267.41
335.442,9420.493
335.4425,8719.49
335.443,8134.759
335.4435,7643.299
335.444,7227.18
335.4445,6872.356
335.445,7013.161
335.4455,6768.159
335.446,6558.728
335.4465,6379.384
335.447,6225.667
335.4475,6093.996
335.448,5981.47
335.4485,5886.184
335.449,5806.243
335.4495,5738.926
335.45,5683.545
335.4505,5639.259
335.451,5605.297
335.4515,5581.081
335.452,5566.203
335.4525,5560.417
335.453,5563.631
335.4535,5575.9
335.454,5597.437
335.4545,5628.616
335.455,5669.986
335.4555,5722.283
335.456,5786.75
335.4565,5863.879
335.457,5955.209
335.4575,6061.981
335.458,6185.3
335.4585,6326.175
335.459,6486.046
335.4595,6667.749
335.46,6876.109
335.4605,7117.587
335.461,7269.199
335.4615,7344.1
335.462,7747.91
335.4625,8222.128
335.463,8783.484
335.4635,9453.717
335.464,10260.7
335.4645,11240.17
335.465,12438.11
335.4655,13913.18
335.466,15738.5
335.4665,18000.51
335.467,20790.7
335.4675,24178.69
335.468,28149.38
335.4685,32497.38
335.469,36693.61
335.4695,39856.95
335.47,41055.04
335.4705,39870.46
335.471,36721.18
335.4715,32541.16
335.472,28208.94
335.4725,24254.05
335.473,20880.53
335.4735,18099.33
335.474,15838.72
335.4745,14006.75
335.475,12518.51
335.4755,11303.88
335.476,10306.97
335.4765,9483.595
335.477,8798.927
335.4775,8225.605
335.478,7742.187
335.4785,7331.844
335.479,6981.284
335.4795,6679.86
335.48,6418.844
335.4805,6190.922
335.481,5990.042
335.4815,5811.528
335.482,5652.104
335.4825,5509.491
335.483,5381.882
335.4835,5267.636
335.484,5165.215
335.4845,5072.574
335.485,4989.799
335.4855,4915.164
335.486,4847.78
335.4865,4786.911
335.487,4731.956
335.4875,5005.858
335.488,4974.623
335.4885,4949.043
335.489,4929.054
335.4895,4914.625
335.49,4905.974
335.4905,5064.962
335.491,5074.278
335.4915,5088.955
335.492,5107.668
335.4925,5128.5
335.493,5149.385
335.4935,5168.496
335.494,5184.633
335.4945,5198.049
335.495,5210.951
335.4955,4798.31
335.496,4835.778
335.4965,4879.881
335.497,4931.658
335.4975,4991.688
335.498,5060.438
335.4985,5138.461
335.499,5226.059
335.4995,5324.219
335.5,5435.354
335.5005,5560.441
335.501,5701.257
335.5015,5860.184
335.502,6040.137
335.5025,6244.695
335.503,6478.262
335.5035,6746.341
335.504,7055.604
335.5045,7414.596
335.505,7834.026
335.5055,8327.492
335.506,8912.373
335.5065,9610.686
335.507,10451.81
335.5075,11472.46
335.508,12719.92
335.5085,14253.33
335.509,16143.33
335.5095,18466.18
335.51,21285.04
335.5105,24606.47
335.511,28301.97
335.5115,32012.52
335.512,35130.83
335.5125,37011.31
335.513,37375.46
335.5135,36521.87
335.514,35054.38
335.5145,33418.93
335.515,31681.73
335.5155,29653.2
335.516,27191.61
335.5165,24398.51
335.517,21547
335.5175,18893.52
335.518,16577.11
335.5185,14631.38
335.519,13027.41
335.5195,11713.05
335.52,10637.71
335.5205,9753.179
335.521,9020.847
335.5215,8409.983
335.522,7896.478
335.5225,7461.496
335.523,7090.305
335.5235,6771.338
335.524,6495.452
335.5245,6255.403
335.525,6045.311
335.5255,5860.59
335.526,5697.234
335.5265,5552.189
335.527,5754.105
335.5275,5651.719
335.528,5727.373
335.5285,5654.988
335.529,5592.623
335.5295,5539.37
335.53,5494.556
335.5305,5457.651
335.531,5428.206
335.5315,5405.844
335.532,5390.265
335.5325,5381.249
335.533,5378.661
335.5335,5382.445
335.534,5392.633
335.5345,5409.334
335.535,5432.747
335.5355,5463.162
335.536,5500.963
335.5365,5546.649
335.537,5600.836
335.5375,5664.281
335.538,5426.589
335.5385,5523.225
335.539,5631.835
335.5395,5754.075
335.54,5891.924
335.5405,6047.759
335.541,6068.794
335.5415,6275.689
335.542,6510.847
335.5425,6779.508
335.543,7088.144
335.5435,7444.796
335.544,7859.544
335.5445,8345.104
335.545,8917.637
335.5455,9597.822
335.546,10412.26
335.5465,11395.3
335.547,12591.23
335.5475,14056.84
335.548,15863.52
335.5485,18097.58
335.549,20854.09
335.5495,24215.62
335.55,28206.09
335.5505,32697.76
335.551,37290.91
335.5515,41255.46
335.552,43700.9
335.5525,43987.89
335.553,42080.94
335.5535,38519.32
335.554,34111.86
335.5545,29600.48
335.555,25465.16
335.5555,21913.45
335.556,18970.56
335.5565,16573.8
335.557,14633.08
335.5575,13060.12
335.558,11779.17
335.5585,10728.96
335.559,9861.335
335.5595,9139.286
335.56,8532.872
335.5605,8020
335.561,7583.085
335.5615,7208.331
335.562,6884.83
335.5625,6782.081
335.563,6900.38
335.5635,6707.273
335.564,6542.396
335.5645,6400.056
335.565,6277.28
335.5655,6172.582
335.566,6083.547
335.5665,6008.812
335.567,5947.099
335.5675,5897.394
335.568,5858.918
335.5685,5831.098
335.569,5813.551
335.5695,5806.076
335.57,5808.646
335.5705,5821.4
335.571,5844.624
335.5715,5878.696
335.572,5923.983
335.5725,5980.673
335.573,6048.621
335.5735,6127.458
335.574,6217.198
335.5745,6319.017
335.575,6435.387
335.5755,6569.358
335.576,6723.252
335.5765,6898.831
335.577,7097.64
335.5775,7004.569
335.578,7275.099
335.5785,7427.651
335.579,7797.293
335.5795,8230.274
335.58,8740.509
335.5805,9345.113
335.581,10065.79
335.5815,10930.44
335.582,11975.14
335.5825,13246.51
335.583,14804.39
335.5835,16726.32
335.584,19100.72
335.5845,22035.45
335.585,25629.02
335.5855,29932.96
335.586,34855.15
335.5865,40019.79
335.587,44651.55
335.5875,47673.35
335.588,48168.96
335.5885,45967.54
335.589,41772.29
335.5895,36678.68
335.59,31602.12
335.5905,27052.59
335.591,23204.54
335.5915,20044.65
335.592,17483.11
335.5925,15413.13
335.593,13736.28
335.5935,12370.36
335.594,11249.77
335.5945,10323.23
335.595,9551.016
335.5955,8902.355
335.596,8353.37
335.5965,7885.422
335.597,7483.877
335.5975,7334.954
335.598,7041.905
335.5985,6787.574
335.599,6565.859
335.5995,6371.807
335.6,6202.375
335.6005,6053.84
335.601,6319.182
335.6015,6221.211
335.602,6138.682
335.6025,6069.27
335.603,6014.096
335.6035,5971.394
335.604,5940.737
335.6045,5921.962
335.605,5915.145
335.6055,5920.554
335.606,5938.524
335.6065,5969.152
335.607,6011.754
335.6075,6064.178
335.608,6122.303
335.6085,6181.298
335.609,6237.98
335.6095,6292.96
335.61,6350.063
335.6105,6416.344
335.611,6497.362
335.6115,6597.912
335.612,6721.578
335.6125,6871.362
335.613,6879.042
335.6135,6754.83
335.614,7023.629
335.6145,7333.954
335.615,7695.881
335.6155,8119.58
335.616,8617.157
335.6165,9205.78
335.617,9906.658
335.6175,10747.29
335.618,11762.71
335.6185,12996.86
335.619,14502.85
335.6195,16340.05
335.62,18563.51
335.6205,21198.56
335.621,24194.37
335.6215,27367.35
335.622,30392.15
335.6225,32930.96
335.623,34879.26
335.6235,36483.94
335.624,38147.38
335.6245,40076.77
335.625,42036.54
335.6255,43337.7
335.626,43157.05
335.6265,41092.9
335.627,37475.72
335.6275,33096.47
335.628,28703.16
335.6285,24740.96
335.629,21372.63
335.6295,18594.56
335.63,16333.26
335.6305,14498.26
335.631,13005.58
335.6315,11783.95
335.632,10776.98
335.6325,9940.281
335.633,9239.37
335.6335,8647.551
335.634,8142.186
335.6345,7710.961
335.635,7338.142
335.6355,7015.51
335.636,6733.928
335.6365,6486.831
335.637,6268.888
335.6375,6075.744
335.638,5903.813
335.6385,5750.133
335.639,5612.228
335.6395,5687.038
335.64,5582.906
335.6405,5887.779
335.641,5820.615
335.6415,5763.202
335.642,5714.754
335.6425,5674.625
335.643,5642.294
335.6435,5617.349
335.644,5599.477
335.6445,5588.453
335.645,5584.14
335.6455,5586.479
335.646,5595.494
335.6465,5611.285
335.647,5634.036
335.6475,5664.021
335.648,5511.403
335.6485,5564.218
335.649,5625.293
335.6495,5695.373
335.65,5775.356
335.6505,5866.314
335.651,5969.527
335.6515,5706.111
335.652,5852.996
335.6525,6016.773
335.653,6199.978
335.6535,6405.717
335.654,6637.27
335.6545,6899.078
335.655,7196.398
335.6555,7535.631
335.656,7924.74
335.6565,8374.005
335.657,8896.823
335.6575,9510.342
335.658,10236.17
335.6585,11101.77
335.659,12142.09
335.6595,13402.13
335.66,14941.42
335.6605,16830.18
335.661,19160.99
335.6615,22039.85
335.662,25574.96
335.6625,29841.59
335.663,34810.28
335.6635,40229.92
335.664,45524.54
335.6645,49802.82
335.665,52092.87
335.6655,51747.17
335.666,48809.03
335.6665,44044.66
335.667,38525.57
335.6675,33129.12
335.668,28335.54
335.6685,24298.1
335.669,20988.43
335.6695,18306.11
335.67,16136.97
335.6705,14377.51
335.671,12942.65
335.6715,11762.86
335.672,10785.59
335.6725,9969.644
335.673,9283.086
335.6735,8701.117
335.674,8204.361
335.6745,7777.588
335.675,7409.846
335.6755,7091.57
335.676,6811.784
335.6765,7196.951
335.677,7006.395
335.6775,6842.316
335.678,6701.174
335.6785,6580.034
335.679,6476.63
335.6795,6389.314
335.68,6317.196
335.6805,6259.48
335.681,6215.645
335.6815,6185.084
335.682,6168.135
335.6825,6164.413
335.683,6173.659
335.6835,6195.053
335.684,6226.723
335.6845,6265.65
335.685,6308.767
335.6855,6355.093
335.686,6406.839
335.6865,6468.005
335.687,6541.991
335.6875,6630.454
335.688,6733.984
335.6885,6853.688
335.689,6992.199
335.6895,7153.28
335.69,7149.561
335.6905,7375.075
335.691,7252.936
335.6915,7569.366
335.692,7934.46
335.6925,8358.099
335.693,8852.253
335.6935,9431.658
335.694,10114.72
335.6945,10924.66
335.695,11892.42
335.6955,13052.77
335.696,14459.4
335.6965,16171.05
335.697,18274.78
335.6975,20876.07
335.698,24099.09
335.6985,28073.15
335.699,32894.08
335.6995,38537.46
335.7,44704.74
335.7005,50639.04
335.701,55095.01
335.7015,56754.81
335.702,55033.76
335.7025,50528.82
335.703,44565.2
335.7035,38388.06
335.704,33223.67
335.7045,28431.9
335.705,24488.86
335.7055,21296.15
335.706,18724.25
335.7065,16650.34
335.707,15208.61
335.7075,13850.06
335.708,12738.58
335.7085,11824
335.709,11067.65
335.7095,10439.63
335.71,9916.762
335.7105,9479.378
335.711,9116.695
335.7115,8815.981
335.712,8568.58
335.7125,8367.729
335.713,8208.187
335.7135,8085.156
335.714,7997.361
335.7145,7941.943
335.715,7917.723
335.7155,7924.296
335.716,7961.698
335.7165,8031.728
335.717,8135.945
335.7175,8276.963
335.718,8457.929
335.7185,8682.083
335.719,8952.06
335.7195,9269.281
335.72,9634.375
335.7205,10049.36
335.721,10521.33
335.7215,11065.3
335.722,11708.11
335.7225,12482.5
335.723,13427.7
335.7235,14589.4
335.724,16022.94
335.7245,17797.35
335.725,19998.55
335.7255,22728.21
335.726,26097.45
335.7265,30201.45
335.727,34440.62
335.7275,39861.38
335.728,45305.52
335.7285,49880.93
335.729,52639.24
335.7295,53171.38
335.73,51915.62
335.7305,49758.75
335.731,47355.5
335.7315,44802.86
335.732,41822.31
335.7325,38205.15
335.733,34100.82
335.7335,29910.58
335.734,26011.28
335.7345,22608.15
335.735,19748.72
335.7355,17391.47
335.736,15461.57
335.7365,13881.01
335.737,12580.82
335.7375,11504.29
335.738,10606.24
335.7385,9851.25
335.739,9211.637
335.7395,8665.749
335.74,8196.578
335.7405,7790.677
335.741,7437.35
335.7415,7128.017
335.742,6855.752
335.7425,6614.918
335.743,6400.901
335.7435,6209.892
335.744,6038.73
335.7445,5884.778
335.745,5745.816
335.7455,5618.509
335.746,5504.253
335.7465,5397.239
335.747,5302.277
335.7475,5215.323
335.748,5605.701
335.7485,5551.439
335.749,5739.211
335.7495,5707.943
335.75,5683.37
335.7505,5665.238
335.751,5653.372
335.7515,5647.663
335.752,5648.069
335.7525,5654.606
335.753,5667.332
335.7535,5686.334
335.754,5711.724
335.7545,5286.827
335.755,5342.824
335.7555,5405.053
335.756,5473.959
335.7565,5549.93
335.757,5633.394
335.7575,5496.377
335.758,5606.161
335.7585,5726.563
335.759,5859.426
335.7595,6006.7
335.76,6170.503
335.7605,6353.24
335.761,6557.739
335.7615,6787.381
335.762,7046.24
335.7625,7339.261
335.763,7672.483
335.7635,8053.318
335.764,8490.928
335.7645,8996.711
335.765,9584.951
335.7655,10273.68
335.766,11085.81
335.7665,12052
335.767,13207.38
335.7675,14602.94
335.768,16299.58
335.7685,18378.81
335.769,20941.97
335.7695,24113.97
335.77,28024.53
335.7705,32794.83
335.771,38458.39
335.7715,44834.17
335.772,51354.83
335.7725,56984.49
335.773,60456.38
335.7735,60866.25
335.774,58162.16
335.7745,53109.48
335.775,46856.39
335.7755,40455.87
335.776,34589.36
335.7765,29551.6
335.777,25378.43
335.7775,21980.9
335.778,19230.97
335.7785,17002.91
335.779,15188.46
335.7795,13699.89
335.78,12468.41
335.7805,11441.35
335.781,10578.28
335.7815,9847.989
335.782,9226.014
335.7825,8697.861
335.783,8238.561
335.7835,7840.465
335.784,7493.689
335.7845,7190.267
335.785,6923.761
335.7855,6688.954
335.786,6725.251
335.7865,7039.158
335.787,6907.591
335.7875,6797.103
335.788,6706.204
335.7885,6633.839
335.789,6579.257
335.7895,6541.786
335.79,6520.426
335.7905,6513.315
335.791,6517.388
335.7915,6528.875
335.792,6544.774
335.7925,6564.077
335.793,6587.459
335.7935,6615.524
335.794,6647.096
335.7945,6679.735
335.795,6712.829
335.7955,6749.796
335.796,6796.583
335.7965,6858.483
335.797,6938.586
335.7975,7038.348
335.798,7159.076
335.7985,6850.848
335.799,7038.191
335.7995,7028.751
335.8,7287.553
335.8005,7584.584
335.801,7925.959
335.8015,8319.241
335.802,8773.89
335.8025,9306.474
335.803,9925.143
335.8035,10648.9
335.804,11504.1
335.8045,12521.47
335.805,13739.65
335.8055,15489.59
335.806,17281.91
335.8065,19462.93
335.807,22126.71
335.8075,25389.98
335.808,29392.62
335.8085,34838.96
335.809,40706.75
335.8095,47418.68
335.81,54465.39
335.8105,60788.46
335.811,64916.23
335.8115,65598.13
335.812,62605.06
335.8125,56904.17
335.813,49997.37
335.8135,43136.03
335.814,37013.31
335.8145,31862.53
335.815,27661.51
335.8155,24285.43
335.816,21588.03
335.8165,19435.72
335.817,17716.57
335.8175,16345.6
335.818,15252.87
335.8185,14388.73
335.819,13713.2
335.8195,13197.15
335.82,12816.69
335.8205,12561.85
335.821,12420.03
335.8215,12385.75
335.822,12457.65
335.8225,12638.38
335.823,12934.31
335.8235,13357.92
335.824,13925.62
335.8245,14660.64
335.825,15593.77
335.8255,16764.61
335.826,18221.75
335.8265,20023.86
335.827,22238.82
335.8275,24943.08
335.828,28214.65
335.8285,32103.79
335.829,36565.48
335.8295,41371.1
335.83,46083.86
335.8305,50234.6
335.831,53647.73
335.8315,56568.15
335.832,59323.22
335.8325,61796.23
335.833,63206.79
335.8335,62515.31
335.834,59197.52
335.8345,53735.91
335.835,47250.45
335.8355,40794.67
335.836,34991.32
335.8365,29828.78
335.837,25304.18
335.8375,22018.81
335.838,19352.91
335.8385,17183.76
335.839,15408.63
335.8395,13945.38
335.84,12729.68
335.8405,11711.55
335.841,10852.19
335.8415,10121.39
335.842,9495.512
335.8425,8955.907
335.843,8487.791
335.8435,8079.335
335.844,7721.017
335.8445,7405.114
335.845,7125.322
335.8455,6876.463
335.846,6654.258
335.8465,6455.154
335.847,6276.19
335.8475,6114.883
335.848,5969.133
335.8485,5837.143
335.849,5717.324
335.8495,5608.211
335.85,5508.425
335.8505,5416.737
335.851,5332.517
335.8515,5254.716
335.852,5456.258
335.8525,5402.086
335.853,5895.478
335.8535,5872.906
335.854,5857.801
335.8545,5846.518
335.855,5838.401
335.8555,5833.878
335.856,5563.887
335.8565,5580.094
335.857,5602.322
335.8575,5631.026
335.858,5666.485
335.8585,5708.945
335.859,5218.323
335.8595,5296.093
335.86,5380.886
335.8605,5473.385
335.861,5574.4
335.8615,5684.884
335.862,5805.952
335.8625,5938.91
335.863,6085.286
335.8635,6246.874
335.864,6425.783
335.8645,6624.506
335.865,6846.714
335.8655,7094.536
335.866,7372.888
335.8665,7686.863
335.867,8042.648
335.8675,8447.791
335.868,8911.573
335.8685,9445.478
335.869,10067.85
335.8695,10788.8
335.87,11636.38
335.8705,12636.8
335.871,13828.6
335.8715,15261.67
335.872,16993.83
335.8725,19106.46
335.873,21700.56
335.8735,24900.98
335.874,28853.17
335.8745,33705.46
335.875,39560.78
335.8755,46377.04
335.876,53811.5
335.8765,61073.14
335.877,66939.72
335.8775,70078.92
335.878,69602.77
335.8785,65571.96
335.879,59036.99
335.8795,51467.41
335.88,44065.92
335.8805,37492.18
335.881,31955.84
335.8815,27417.96
335.882,23740.81
335.8825,20767.85
335.883,18357.15
335.8835,16391.15
335.884,14776.4
335.8845,13440.04
335.885,12328.23
335.8855,11397.45
335.886,10606.36
335.8865,9933.537
335.887,9358.399
335.8875,8864.725
335.888,8439.58
335.8885,8072.418
335.889,7754.323
335.8895,7477.567
335.89,7235.782
335.8905,7024.617
335.891,6841.988
335.8915,6687.178
335.892,7113.718
335.8925,7309.636
335.893,7258.926
335.8935,7218.687
335.894,7177.319
335.8945,7127.178
335.895,7067.128
335.8955,7001.081
335.896,6933.727
335.8965,6868.169
335.897,6806.889
335.8975,6753.424
335.898,6711.99
335.8985,6685.873
335.899,6676.688
335.8995,6684.777
335.9,6709.902
335.9005,6751.773
335.901,6810.316
335.9015,6885.533
335.902,6978.61
335.9025,6827.884
335.903,7622.386
335.9035,7287.416
335.904,7522.945
335.9045,7786.555
335.905,8082.456
335.9055,8419.221
335.906,9122.793
335.9065,9571.518
335.907,10075.1
335.9075,10651.11
335.908,11312.02
335.9085,12071.12
335.909,12941.33
335.9095,13934.63
335.91,15064.94
335.9105,16356.65
335.911,17855.56
335.9115,19633.98
335.912,21787.78
335.9125,24432.65
335.913,27704.64
335.9135,31761.02
335.914,36770.81
335.9145,42877.67
335.915,50108.38
335.9155,58198.65
335.916,66363.56
335.9165,73181.45
335.917,76946.98
335.9175,76564.27
335.918,72299.64
335.9185,65583.96
335.919,58103.14
335.9195,51074.47
335.92,45110.06
335.9205,40372.03
335.921,36813.42
335.9215,34311.4
335.922,32744.65
335.9225,32030.71
335.923,32123.25
335.9235,33024.7
335.924,34781.89
335.9245,37481.41
335.925,41234
335.9255,46133.84
335.926,52168.63
335.9265,59059.66
335.927,66068.02
335.9275,71957.91
335.928,75418.83
335.9285,75881.94
335.929,73941.64
335.9295,70805.35
335.93,67357.47
335.9305,63712.16
335.931,59467.1
335.9315,54322.57
335.932,48481.72
335.9325,42506.31
335.933,36930.1
335.9335,32048.33
335.934,27933.16
335.9345,24529.14
335.935,21732.15
335.9355,19430.11
335.936,17525.81
335.9365,15946.42
335.937,14622.84
335.9375,13504.81
335.938,12553
335.9385,11736.61
335.939,11031.44
335.9395,10418.33
335.94,9882.01
335.9405,9410.214
335.941,8992.974
335.9415,8622.092
335.942,8290.752
335.9425,7460.083
335.943,6945.355
335.9435,6732.51
335.944,6539.788
335.9445,6365.974
335.945,6208.825
335.9455,6066.475
335.946,5937.124
335.9465,5818.898
335.947,5709.807
335.9475,5607.974
335.948,5512.106
335.9485,5421.751
335.949,5337.002
335.9495,5257.991
335.95,5184.623
335.9505,5116.59
335.951,5053.469
335.9515,4994.814
335.952,5562.634
335.9525,5537.033
335.953,5516.33
335.9535,5183.894
335.954,5208.858
335.9545,5237.851
335.955,5271.009
335.9555,5308.51
335.956,5347.284
335.9565,5080.469
335.957,5137.877
335.9575,5206.986
335.958,5281.43
335.9585,5361.759
335.959,5450.618
335.9595,5544.752
335.96,5646.919
335.9605,5758.047
335.961,5879.205
335.9615,6011.625
335.962,6156.737
335.9625,6316.205
335.963,6491.972
335.9635,6687.335
335.964,6903.004
335.9645,7143.141
335.965,7411.537
335.9655,7712.696
335.966,8051.963
335.9665,8435.629
335.967,8871.021
335.9675,9369.674
335.968,9935.626
335.9685,10584.8
335.969,11334.42
335.9695,12207.96
335.97,13242
335.9705,14463.05
335.971,15925.36
335.9715,17690.47
335.972,19837.34
335.9725,22466.86
335.973,25705.46
335.9735,29706.75
335.974,34638.61
335.9745,40648.63
335.975,47777.88
335.9755,55802.11
335.976,64028.26
335.9765,71218.68
335.977,75924.46
335.9775,77191.3
335.978,74989.04
335.9785,69970.32
335.979,63071.56
335.9795,55326.23
335.98,47675.14
335.9805,40752.29
335.981,34831.92
335.9815,29931.09
335.982,25938.55
335.9825,22703.05
335.983,20076.75
335.9835,17931.34
335.984,16169.71
335.9845,14699.89
335.985,13462.23
335.9855,12417.04
335.986,11531.34
335.9865,10778.61
335.987,10136.68
335.9875,9586.69
335.988,9112.389
335.9885,8700.326
335.989,8340.645
335.9895,8027.329
335.99,7756.983
335.9905,7526.845
335.991,7333.189
335.9915,7170.269
335.992,7030.2
335.9925,6904.732
335.993,6788.359
335.9935,6679.002
335.994,7501.765
335.9945,7431.394
335.995,7349.741
335.9955,7251.59
335.996,7141.997
335.9965,7405.046
335.997,7322.054
335.9975,7257.542
335.998,7213.734
335.9985,7190.464
335.999,7186.65
335.9995,7945.91
336,8008.095
336.0005,8089.033
336.001,8188.782
336.0015,8307.828
336.002,8447.081
336.0025,8009.348
336.003,8216.052
336.0035,8447.163
336.004,8406.35
336.0045,8716.997
336.005,9052.479
336.0055,9432.859
336.006,9853.846
336.0065,10327.21
336.007,10859.07
336.0075,11452.58
336.008,12104.92
336.0085,12806.09
336.009,13544.09
336.0095,14315.81
336.01,15145.86
336.0105,16072.81
336.011,17147
336.0115,18415.91
336.012,19930.39
336.0125,21745.62
336.013,23928.61
336.0135,26564.65
336.014,29762.8
336.0145,33666.2
336.015,38451.21
336.0155,44330.93
336.016,51537.85
336.0165,60270.84
336.017,70571.15
336.0175,82097.59
336.018,93849.03
336.0185,104121.5
336.019,111082.1
336.0195,113925.3
336.02,113447.4
336.0205,111267.9
336.021,108641
336.0215,106038.4
336.022,103656.4
336.0225,101850.3
336.023,100913
336.0235,100502.6
336.024,99413.78
336.0245,96106.4
336.025,89773.2
336.0255,80961.48
336.026,71085.16
336.0265,61487.01
336.027,52951.2
336.0275,45739.55
336.028,39806.04
336.0285,34971.87
336.029,31022.32
336.0295,27753.88
336.03,24999.7
336.0305,22640.41
336.031,20599.58
336.0315,18830.16
336.032,17299.39
336.0325,15977.33
336.033,14836.48
336.0335,13850.28
336.034,12994.68
336.0345,12241.33
336.035,11582.99
336.0355,11003.25
336.036,10484.44
336.0365,10016.02
336.037,9591.097
336.0375,9205.376
336.038,8855.507
336.0385,8538.181
336.039,8250.02
336.0395,7987.767
336.04,7748.447
336.0405,7529.429
336.041,7328.423
336.0415,7143.451
336.042,6972.8
336.0425,6814.991
336.043,6668.732
336.0435,6532.903
336.044,6406.512
336.0445,5395.819
336.045,5319.443
336.0455,5248.334
336.046,5182.023
336.0465,5120.093
336.047,4704.075
336.0475,4663.328
336.048,4973.533
336.0485,4953.479
336.049,4935.198
336.0495,5616.585
336.05,4916.533
336.0505,4964.398
336.051,5015.664
336.0515,5070.642
336.052,5129.687
336.0525,5196.05
336.053,5264.621
336.0535,5338.664
336.054,5418.767
336.0545,5505.551
336.055,5589.947
336.0555,5692.087
336.056,5796.989
336.0565,5914.857
336.057,6040.31
336.0575,6174.025
336.058,6317.859
336.0585,6474.501
336.059,6646.824
336.0595,6837.587
336.06,7049.52
336.0605,7285.562
336.061,7549.081
336.0615,7852.091
336.062,8183.766
336.0625,8557.546
336.063,8980.496
336.0635,9461.586
336.064,10015.28
336.0645,10646.14
336.065,11374.83
336.0655,12221.78
336.066,13212.78
336.0665,14380.6
336.067,15767.13
336.0675,17426.18
336.068,19427.01
336.0685,21858.54
336.069,24833.71
336.0695,28492.15
336.07,32997.14
336.0705,38517.46
336.071,45178.03
336.0715,52960.45
336.072,61557.62
336.0725,70259.27
336.073,78010.46
336.0735,83652.35
336.074,86136.49
336.0745,84734.59
336.075,79484.02
336.0755,71455.71
336.076,62271.79
336.0765,53314.85
336.077,45355.07
336.0775,38637.41
336.078,33113.11
336.0785,28625.09
336.079,24991.2
336.0795,22029.59
336.08,19612.66
336.0805,17629.2
336.081,15991.76
336.0815,14632.41
336.082,13498.8
336.0825,12550.22
336.083,11756.98
336.0835,11094.93
336.084,10545.5
336.0845,10092.69
336.085,10554.18
336.0855,10274.99
336.086,10031.92
336.0865,9799.726
336.087,9563.921
336.0875,9325.805
336.088,9094.429
336.0885,9291.947
336.089,9099.654
336.0895,8916.543
336.09,8746.397
336.0905,8596.717
336.091,8474.051
336.0915,8381.555
336.092,9335.326
336.0925,9343.886
336.093,9382.746
336.0935,9450.865
336.094,9547.731
336.0945,9673.443
336.095,9828.729
336.0955,10014.96
336.096,10234.9
336.0965,10489.85
336.097,10784.08
336.0975,11122.04
336.098,11509.32
336.0985,11617.86
336.099,12137.29
336.0995,12739.88
336.1,12767.43
336.1005,13578.89
336.101,14509.82
336.1015,15580.38
336.102,16810.8
336.1025,18218.33
336.103,19812.63
336.1035,21612.21
336.104,23645.25
336.1045,25982.96
336.105,28745.5
336.1055,32092
336.106,36206.71
336.1065,41291.21
336.107,47551.36
336.1075,55153.91
336.108,64118.23
336.1085,74116.53
336.109,84230.45
336.1095,92909.65
336.11,98522.03
336.1105,100417.6
336.111,99505.09
336.1115,97600.49
336.112,96251.94
336.1125,96106.94
336.113,96885.63
336.1135,97936.3
336.114,98945.51
336.1145,100287.4
336.115,102651.6
336.1155,106250.1
336.116,110260.8
336.1165,112788.9
336.117,111648.8
336.1175,105773.8
336.118,95992.38
336.1185,84323.29
336.119,72679.31
336.1195,62197.75
336.12,53291.91
336.1205,45949.53
336.121,39979.54
336.1215,35149.57
336.122,31244.84
336.1225,28084.63
336.123,25518.88
336.1235,23417.18
336.124,21657.98
336.1245,20127.17
336.125,18732.56
336.1255,17424.13
336.126,16196.6
336.1265,15067.55
336.127,14052.48
336.1275,13154.43
336.128,12365.98
336.1285,11674.69
336.129,11061.76
336.1295,10514.94
336.13,10039.72
336.1305,9615.956
336.131,9236.213
336.1315,8894.35
336.132,8585.29
336.1325,8304.824
336.133,8049.434
336.1335,7816.165
336.134,7606.494
336.1345,7410.541
336.135,7230.333
336.1355,6262.145
336.136,6139.345
336.1365,6026.768
336.137,5923.662
336.1375,5831.427
336.138,5745.735
336.1385,5668.154
336.139,5197.238
336.1395,5149.597
336.14,5871.929
336.1405,5864.021
336.141,5858.014
336.1415,6232.992
336.142,6238.757
336.1425,5267.08
336.143,5311.823
336.1435,5360.384
336.144,5414.876
336.1445,5476.394
336.145,5545.448
336.1455,5622.339
336.146,5707.365
336.1465,5800.211
336.147,5902.847
336.1475,6015.223
336.148,6138.195
336.1485,6272.794
336.149,6420.258
336.1495,6582.042
336.15,6752.883
336.1505,6935.061
336.151,7158.798
336.1515,7399.37
336.152,7666.488
336.1525,7964.104
336.153,8296.947
336.1535,8683.969
336.154,9106.009
336.1545,9584.154
336.155,10128.55
336.1555,10751.59
336.156,11468.46
336.1565,12297.58
336.157,13261.17
336.1575,14385.54
336.158,15701.71
336.1585,17247.54
336.159,19073.41
336.1595,21251.19
336.16,23881.84
336.1605,27097.73
336.161,31061.71
336.1615,35964.1
336.162,42009.67
336.1625,49375.83
336.163,58110.7
336.1635,67939.94
336.164,78015.75
336.1645,86821.23
336.165,92578.45
336.1655,94115.65
336.166,91395.19
336.1665,85217.71
336.167,76730.84
336.1675,67205.99
336.168,57796.95
336.1685,49282.57
336.169,42015.3
336.1695,35992.91
336.17,31537.29
336.1705,27574.24
336.171,24366.68
336.1715,21763.01
336.172,19641.3
336.1725,17906.31
336.173,17401.21
336.1735,16273.79
336.174,15361.4
336.1745,14627.6
336.175,14039.2
336.1755,13563.91
336.176,13172.5
336.1765,12846.56
336.177,12571.27
336.1775,12337.92
336.178,12126.47
336.1785,11911.54
336.179,11679.52
336.1795,11439.87
336.18,11217.12
336.1805,11034.62
336.181,10906.19
336.1815,10836.89
336.182,10826.97
336.1825,10875.18
336.183,10980.53
336.1835,11143.21
336.184,11364.9
336.1845,11645.18
336.185,11997.07
336.1855,12423.96
336.186,14023.23
336.1865,14676.65
336.187,15446.57
336.1875,16354.01
336.188,17423.87
336.1885,18694.25
336.189,20207.01
336.1895,22018.34
336.19,24200.3
336.1905,26130.01
336.191,29389.79
336.1915,33352.11
336.192,37810.73
336.1925,43651.03
336.193,50548.21
336.1935,58369.18
336.194,66669.48
336.1945,74692.74
336.195,81675.78
336.1955,87374.94
336.196,92242.67
336.1965,96854.34
336.197,101040.3
336.1975,103546.5
336.198,102664.9
336.1985,97550.13
336.199,88990.93
336.1995,78816.66
336.2,68749.26
336.2005,59808.63
336.201,52363.04
336.2015,46394.63
336.202,41750.53
336.2025,38229.09
336.203,35658.87
336.2035,33907.65
336.204,32871.31
336.2045,32523.71
336.205,32837.13
336.2055,33834.77
336.206,35578.98
336.2065,38174.12
336.207,41768.3
336.2075,46549.08
336.208,52720.42
336.2085,60436.44
336.209,69651.86
336.2095,79854.78
336.21,89743.55
336.2105,97168.21
336.211,99846.34
336.2115,96757.78
336.212,88924.05
336.2125,78628.16
336.213,68018.22
336.2135,58388.03
336.214,50228.7
336.2145,43542.76
336.215,38109.35
336.2155,33635.21
336.216,29869.84
336.2165,26642.44
336.217,23862.8
336.2175,21480.93
336.218,19454.65
336.2185,17743.86
336.219,16290.43
336.2195,15041.04
336.22,13980.56
336.2205,12635.16
336.221,11867.03
336.2215,11195.15
336.222,10601.95
336.2225,10074.96
336.223,9605.381
336.2235,8304.965
336.224,7963.523
336.2245,7659.107
336.225,7386.874
336.2255,7142.599
336.226,6922.661
336.2265,6723.985
336.227,6542.042
336.2275,6378.533
336.228,6640.547
336.2285,6521.271
336.229,6414.607
336.2295,7141.409
336.23,7090.343
336.2305,7051.203
336.231,7023.542
336.2315,7007.063
336.232,7001.602
336.2325,7007.138
336.233,7023.789
336.2335,7051.826
336.234,7091.68
336.2345,7143.97
336.235,7209.518
336.2355,7289.391
336.236,7384.93
336.2365,6451.909
336.237,6642.563
336.2375,6833.901
336.238,7046.438
336.2385,7281.394
336.239,7547.945
336.2395,7825.022
336.24,8119.458
336.2405,8432.177
336.241,8749.616
336.2415,9112.286
336.242,9528.929
336.2425,9994.018
336.243,10507.5
336.2435,11069.14
336.244,11685.64
336.2445,12377.35
336.245,13174.36
336.2455,14111.02
336.246,15223.8
336.2465,16553.47
336.247,18148.32
336.2475,20072.66
336.248,22405.77
336.2485,25251.24
336.249,28741.08
336.2495,33038.99
336.25,39323.33
336.2505,45859.25
336.251,53742.46
336.2515,62951.2
336.252,73123.8
336.2525,83424.2
336.253,92612.29
336.2535,99815.04
336.254,102831.7
336.2545,101276.1
336.255,95201.17
336.2555,85869.26
336.256,75161.9
336.2565,64738.23
336.257,55516.59
336.2575,47797.14
336.258,41530.45
336.2585,36527.3
336.259,32571.8
336.2595,29467.89
336.26,27050.94
336.2605,25182.83
336.261,23741.17
336.2615,22611.91
336.262,21695.55
336.2625,20925.28
336.263,20274.72
336.2635,19741.4
336.264,19326.68
336.2645,19034.43
336.265,18878.16
336.2655,18876.92
336.266,19058.39
336.2665,19438.86
336.267,20038.6
336.2675,20880.28
336.268,21995.32
336.2685,23427.26
336.269,25230.64
336.2695,27496.94
336.27,30327.43
336.2705,33860.32
336.271,38269.53
336.2715,43763.32
336.272,50565.84
336.2725,58862.41
336.273,68656.03
336.2735,79543.66
336.274,90415.92
336.2745,99408.66
336.275,104551.6
336.2755,105023.6
336.276,102968.4
336.2765,98215.29
336.277,93595.98
336.2775,89702.24
336.278,85974.53
336.2785,81034.64
336.279,75049.08
336.2795,67820.43
336.28,59334.38
336.2805,51955.85
336.281,45311.13
336.2815,39573.19
336.282,34750.01
336.2825,30763.63
336.283,27499.18
336.2835,24835.76
336.284,22663.5
336.2845,20890.02
336.285,19440.91
336.2855,18257.62
336.286,17295
336.2865,16517.38
336.287,15898.28
336.2875,15399.02
336.288,15042.28
336.2885,14798.26
336.289,14660.07
336.2895,14614.88
336.29,14680.98
336.2905,14851.31
336.291,15131.58
336.2915,15531.04
336.292,16063.02
336.2925,16753.23
336.293,17611.25
336.2935,18676.19
336.294,19989.39
336.2945,21605.59
336.295,23594.83
336.2955,26051.86
336.296,29086.18
336.2965,32849.64
336.297,37526.47
336.2975,43336.19
336.298,50514.66
336.2985,59247.91
336.299,69514.25
336.2995,80800.38
336.3,91758.37
336.3005,99188.48
336.301,102608.1
336.3015,99900.09
336.302,92042.52
336.3025,81345.01
336.303,70037.52
336.3035,59530.84
336.304,49968.82
336.3045,42426.57
336.305,36275.46
336.3055,31285.39
336.306,27234.33
336.3065,23961.7
336.307,21286.26
336.3075,19083.06
336.308,17254.89
336.3085,15726.48
336.309,14439.43
336.3095,13348.21
336.31,12416.96
336.3105,11617.17
336.311,10926.19
336.3115,11190.63
336.312,10703.57
336.3125,10286.15
336.313,10362.88
336.3135,10081.12
336.314,9851.985
336.3145,9672.829
336.315,9539.577
336.3155,9449.528
336.316,9396.867
336.3165,9370.988
336.317,9356.022
336.3175,9335.63
336.318,9316.029
336.3185,9276.631
336.319,9244.215
336.3195,9229.048
336.32,9232.915
336.3205,9279.369
336.321,9312.388
336.3215,9361.896
336.322,9435.854
336.3225,9542.278
336.323,9684.405
336.3235,9871.429
336.324,10103.89
336.3245,10385.34
336.325,10720.3
336.3255,11118.24
336.326,12099.48
336.3265,11565.23
336.327,12256.47
336.3275,13037.57
336.328,13928.89
336.3285,14997.86
336.329,17286.32
336.3295,18798.09
336.33,20584.22
336.3305,22711.04
336.331,25264.05
336.3315,28353.43
336.332,32120.17
336.3325,36741.4
336.333,42430.52
336.3335,49422.47
336.334,57923.69
336.3345,67992.81
336.335,79320.28
336.3355,90945.94
336.336,101153.7
336.3365,107934.1
336.337,109998.5
336.3375,107261.6
336.338,100633.9
336.3385,91436.31
336.339,81109.95
336.3395,70968.61
336.34,61902.02
336.3405,54303.25
336.341,48208.21
336.3415,43472
336.342,39887.93
336.3425,37248.01
336.343,35366.58
336.3435,34128.27
336.344,33446.9
336.3445,33266.59
336.345,33542.95
336.3455,34243.84
336.346,35383.62
336.3465,37063.05
336.347,39433.05
336.3475,42676.05
336.348,46976.83
336.3485,52496.14
336.349,59311.48
336.3495,67300.5
336.35,75993.91
336.3505,84548.92
336.351,92075.48
336.3515,98243.66
336.352,103508.1
336.3525,108480.1
336.353,112947.6
336.3535,115477.6
336.354,114129.5
336.3545,107942.8
336.355,97810.41
336.3555,85804.59
336.356,73875.5
336.3565,63177.55
336.357,54126.36
336.3575,46705.41
336.358,40718.3
336.3585,35928.14
336.359,32157.32
336.3595,29164.85
336.36,26799.09
336.3605,24944.58
336.361,23462.64
336.3615,22198.37
336.362,21324.03
336.3625,20154.4
336.363,18920.56
336.3635,17262.64
336.364,16103.41
336.3645,15063.87
336.365,14163.87
336.3655,13407.32
336.366,12770.28
336.3665,12241.35
336.367,11804.86
336.3675,11446.63
336.368,11153.71
336.3685,10911.01
336.369,10715.03
336.3695,10555.14
336.37,10429.27
336.3705,10338.54
336.371,10258.48
336.3715,10244
336.372,10268.52
336.3725,10332.81
336.373,10438.09
336.3735,10586.27
336.374,10780.13
336.3745,11023.31
336.375,11320.32
336.3755,11676.52
336.376,12094.88
336.3765,12091.1
336.377,12691.77
336.3775,13393.92
336.378,14219.3
336.3785,15194.84
336.379,16353.65
336.3795,16737.61
336.38,18435.52
336.3805,20474.42
336.381,22938.17
336.3815,25928.66
336.382,29567.34
336.3825,33987.4
336.383,39321.87
336.3835,45692.85
336.384,53213.88
336.3845,61985.33
336.385,71990.54
336.3855,82797.21
336.386,93147.44
336.3865,100843.3
336.387,103499
336.3875,100008.6
336.388,91502.78
336.3885,80400.41
336.389,68959.05
336.3895,58544.22
336.39,49675.52
336.3905,42817.28
336.391,36911.94
336.3915,32149.25
336.392,28306.83
336.3925,26077.38
336.393,23554.25
336.3935,21451.25
336.394,19668.12
336.3945,18135.24
336.395,16822.92
336.3955,15743.58
336.396,14799.33
336.3965,14004.64
336.397,13338.34
336.3975,12801.13
336.398,13409.26
336.3985,13073.16
336.399,12811.38
336.3995,12616.24
336.4,12481.88
336.4005,12404.02
336.401,12914.46
336.4015,12963.73
336.402,13064.76
336.4025,13219.6
336.403,13429.01
336.4035,13695.62
336.404,14023.11
336.4045,14416.32
336.405,14881.26
336.4055,15425.38
336.406,16058.21
336.4065,16792.28
336.407,17644.09
336.4075,18634.59
336.408,19789.79
336.4085,21141.93
336.409,22731.42
336.4095,24570.71
336.41,26784.59
336.4105,29455.8
336.411,32670.87
336.4115,36569.24
336.412,41307.41
336.4125,45968.3
336.413,53022.2
336.4135,61457.54
336.414,71262.47
336.4145,82115.89
336.415,93379.33
336.4155,104004.3
336.416,113275.4
336.4165,120626.9
336.417,125316.1
336.4175,126462
336.418,123888.7
336.4185,118787.2
336.419,113198.3
336.4195,109012.8
336.42,107367.9
336.4205,108720.4
336.421,113006.4
336.4215,119621.3
336.422,127195.8
336.4225,133551.5
336.423,136410.3
336.4235,134749.7
336.424,129489.3
336.4245,122572.1
336.425,115421.3
336.4255,108206.4
336.426,100255.7
336.4265,91062.06
336.427,80928.43
336.4275,70730.62
336.428,61294.7
336.4285,53065.23
336.429,46135.59
336.4295,40401.73
336.43,35687.02
336.4305,31809.52
336.431,28609.27
336.4315,25954.8
336.432,23743.17
336.4325,21893.38
336.433,20343.5
336.4335,19046.42
336.434,17966.55
336.4345,17090.68
336.435,16371.01
336.4355,15803.22
336.436,15372.11
336.4365,15066.8
336.437,14891.53
336.4375,14864.8
336.438,14993.29
336.4385,15167.17
336.439,15359.91
336.4395,15437.77
336.44,15257.33
336.4405,14752.13
336.441,13554.66
336.4415,12671.23
336.442,11787.34
336.4425,10980.24
336.443,9425.486
336.4435,8862.834
336.444,9537.551
336.4445,9187.631
336.445,8906.078
336.4455,8678.938
336.446,8459.982
336.4465,8317.388
336.447,8207.224
336.4475,8125.372
336.448,8050.288
336.4485,6989.008
336.449,7016.428
336.4495,7062.302
336.45,7126.368
336.4505,7208.81
336.451,7310.24
336.4515,6917.477
336.452,7079.841
336.4525,7264.687
336.453,7474.701
336.4535,7713.274
336.454,7984.639
336.4545,8294.083
336.455,8648.174
336.4555,9055.046
336.456,9524.653
336.4565,10068.87
336.457,10701.15
336.4575,11435.27
336.458,12288.83
336.4585,13255.45
336.459,14340.8
336.4595,15547.05
336.46,16893.47
336.4605,18418.39
336.461,20154.39
336.4615,22090.38
336.462,24146.99
336.4625,26222.42
336.463,28248.72
336.4635,30303.4
336.464,32625.04
336.4645,35538.7
336.465,39374.46
336.4655,45790.3
336.466,52388.02
336.4665,60642.09
336.467,70500.45
336.4675,81857.05
336.468,92486.63
336.4685,101559.3
336.469,104585.3
336.4695,101514
336.47,93417.75
336.4705,82748.6
336.471,71662.92
336.4715,61575.7
336.472,53016.37
336.4725,46020.2
336.473,40409.5
336.4735,35950.37
336.474,32421.39
336.4745,29639.55
336.475,27450.63
336.4755,25742.92
336.476,24429.01
336.4765,23443.02
336.477,22735.92
336.4775,22271.95
336.478,22025.91
336.4785,21981.32
336.479,22129.06
336.4795,22466.63
336.48,22997.49
336.4805,23730.77
336.481,24680.66
336.4815,25865.66
336.482,27307.85
336.4825,29034.28
336.483,31083.36
336.4835,33515.99
336.484,36424.38
336.4845,39933.32
336.485,44186.6
336.4855,49405.37
336.486,55818.32
336.4865,63727
336.487,73494.96
336.4875,85519.73
336.488,100155.1
336.4885,117629.1
336.489,137417
336.4895,158131
336.49,177249.5
336.4905,192003.8
336.491,201026.4
336.4915,205086.2
336.492,205774.4
336.4925,203649.6
336.493,197827.2
336.4935,187105.7
336.494,171451.3
336.4945,151413.9
336.495,131669.1
336.4955,113034.9
336.496,96532.89
336.4965,82457.07
336.497,70713.74
336.4975,61037.68
336.498,53106.27
336.4985,46601.54
336.499,41250.16
336.4995,36798.83
336.5,33070
336.5005,29921.95
336.501,27247.81
336.5015,24983.22
336.502,23026.77
336.5025,21341.48
336.503,19884.36
336.5035,18620.24
336.504,17520.81
336.5045,16563.39
336.505,15729.96
336.5055,15006.36
336.506,14381.77
336.5065,13848.36
336.507,13401.06
336.5075,13037.53
336.508,12758.33
336.5085,12561.17
336.509,12465.24
336.5095,12475.15
336.51,12605.01
336.5105,12870.41
336.511,13282.78
336.5115,13947.5
336.512,14603.59
336.5125,15246.79
336.513,15695.3
336.5135,15756.22
336.514,15342.75
336.5145,14539.65
336.515,13537.72
336.5155,12516.64
336.516,10216.41
336.5165,9467.39
336.517,8849.583
336.5175,8349.176
336.518,7525.696
336.5185,7197.677
336.519,5932.801
336.5195,5795.669
336.52,5706.931
336.5205,5661.358
336.521,5607.692
336.5215,5648.368
336.522,6822.708
336.5225,6985.103
336.523,7177.153
336.5235,7384.11
336.524,7589.054
336.5245,7782.605
336.525,7961.932
336.5255,8130.578
336.526,8267.437
336.5265,8345.001
336.527,8350.628
336.5275,8303.135
336.528,8242.368
336.5285,8206.716
336.529,9265.621
336.5295,9385
336.53,9575.298
336.5305,9840.868
336.531,10187.49
336.5315,11146.36
336.532,11707.3
336.5325,12390.36
336.533,13217.79
336.5335,14221.98
336.534,15407.19
336.5345,16781.46
336.535,18298.55
336.5355,19833
336.536,21174.37
336.5365,22530.13
336.537,23038.91
336.5375,23089.91
336.538,23862.3
336.5385,23912.6
336.539,24175.69
336.5395,24846.05
336.54,25915.49
336.5405,27423.54
336.541,29419.35
336.5415,31972.04
336.542,35177.52
336.5425,39164.64
336.543,44102.06
336.5435,50200.52
336.544,57693.96
336.5445,66771.09
336.545,77421.13
336.5455,89163.54
336.546,100724.6
336.5465,109981.7
336.547,114685.6
336.5475,113867.7
336.548,108627.8
336.5485,101356.6
336.549,94338.03
336.5495,89027.55
336.55,86150.87
336.5505,85974.33
336.551,88591.27
336.5515,94002.88
336.552,102026.6
336.5525,112135.1
336.553,123042.3
336.5535,132703.8
336.554,138951.2
336.5545,140757
336.555,138851.6
336.5555,134819.6
336.556,129733.3
336.5565,123806
336.557,117126.9
336.5575,110342.8
336.558,104666.6
336.5585,100865.1
336.559,99685.43
336.5595,101368
336.56,105807.7
336.5605,112374.2
336.561,119952.4
336.5615,126940.5
336.562,131525.7
336.5625,132412
336.563,128536.3
336.5635,119952.2
336.564,107990.5
336.5645,94661.93
336.565,81709.45
336.5655,70141.6
336.566,60306.89
336.5665,52159.52
336.567,45484.11
336.5675,40025.82
336.568,35548.78
336.5685,31851.12
336.569,28781.89
336.5695,26212.38
336.57,24045.47
336.5705,22205.61
336.571,20635.15
336.5715,19285.62
336.572,18122.02
336.5725,16064.27
336.573,15232.16
336.5735,14526.07
336.574,13911.74
336.5745,13388.8
336.575,12949.86
336.5755,12590.13
336.576,12307.37
336.5765,12101.93
336.577,11976.97
336.5775,11938.9
336.578,11997.81
336.5785,12168.15
336.579,12468.93
336.5795,11918.89
336.58,12589.33
336.5805,13454.56
336.581,14560.34
336.5815,15855.16
336.582,16552.54
336.5825,17534.21
336.583,18023.19
336.5835,17896.14
336.584,17233.98
336.5845,16263.22
336.585,15166.11
336.5855,14059.83
336.586,13009
336.5865,12044.03
336.587,10754.79
336.5875,9905.705
336.588,9699.724
336.5885,8285.663
336.589,7814.682
336.5895,7394.585
336.59,7088.156
336.5905,7831.854
336.591,7688.882
336.5915,7596.395
336.592,7547.875
336.5925,7538.643
336.593,7565.649
336.5935,7627.204
336.594,7722.666
336.5945,7852.03
336.595,8015.428
336.5955,8212.793
336.596,8776.185
336.5965,9719.205
336.597,10058.44
336.5975,10426.28
336.598,10809.06
336.5985,11192.02
336.599,11572.81
336.5995,11969.59
336.6,12414.42
336.6005,12940.88
336.601,13626.91
336.6015,14403.1
336.602,15343.61
336.6025,17282.75
336.603,18682.91
336.6035,20450.51
336.604,22821.26
336.6045,25091.94
336.605,27564.96
336.6055,30053.26
336.606,32292.28
336.6065,34071.09
336.607,35396.91
336.6075,36527.09
336.608,37845.23
336.6085,39589.4
336.609,42271.88
336.6095,45979.06
336.61,50893.14
336.6105,57152.11
336.611,64898.7
336.6115,74027.17
336.612,84132.71
336.6125,94428.85
336.613,104059.3
336.6135,112526.5
336.614,119858.3
336.6145,125957.2
336.615,129916.1
336.6155,130336.9
336.616,126621.8
336.6165,119844.1
336.617,112107.1
336.6175,105448
336.618,101183.5
336.6185,99827.65
336.619,101489.9
336.6195,105818.5
336.62,111902.7
336.6205,118117.3
336.621,122325.2
336.6215,122743.9
336.622,119040.1
336.6225,112559.1
336.623,105589.7
336.6235,99646.5
336.624,95986.9
336.6245,95125.83
336.625,97153.49
336.6255,101841.4
336.626,108601.7
336.6265,116294.1
336.627,123158.5
336.6275,127180.8
336.628,126931
336.6285,122143.9
336.629,113530
336.6295,102341
336.63,90067.75
336.6305,78074.95
336.631,67262.18
336.6315,57954.91
336.632,50158.95
336.6325,43841.98
336.633,38679.59
336.6335,34454.6
336.634,30982.09
336.6345,28113.01
336.635,25730.39
336.6355,23743.79
336.636,22083.9
336.6365,20698.07
336.637,19546.89
336.6375,18601.53
336.638,17841.73
336.6385,16794.33
336.639,16383.07
336.6395,16131.6
336.64,16024.11
336.6405,16040.53
336.641,15200.83
336.6415,15385.32
336.642,15562.91
336.6425,15694.19
336.643,15758.53
336.6435,16663.64
336.644,16742.91
336.6445,16954.67
336.645,17394.62
336.6455,18566.81
336.646,19607.35
336.6465,20673.61
336.647,21391.24
336.6475,22398.37
336.648,22742.53
336.6485,22261.44
336.649,21094.48
336.6495,19565.55
336.65,17978.7
336.6505,16519.39
336.651,15269.01
336.6515,14196.31
336.652,13385.75
336.6525,12763.45
336.653,11529.5
336.6535,11232.29
336.654,10954.47
336.6545,10485.61
336.655,10504.96
336.6555,10601.3
336.656,10771.24
336.6565,11014.89
336.657,11333.18
336.6575,11730.25
336.658,12212.89
336.6585,12790.87
336.659,13477.33
336.6595,14289.38
336.66,15248.86
336.6605,16383.19
336.661,17726
336.6615,19446.61
336.662,21337.73
336.6625,23575.03
336.663,26219.15
336.6635,29418.75
336.664,33177.76
336.6645,38108.06
336.665,43751.87
336.6655,51283.98
336.666,60820.28
336.6665,71016.43
336.667,82517.61
336.6675,94416.17
336.668,105045.9
336.6685,112579.1
336.669,115988.8
336.6695,115592.7
336.67,112336.4
336.6705,106819.1
336.671,99376.19
336.6715,90444.05
336.672,80730.02
336.6725,71050.2
336.673,62047.14
336.6735,53999.79
336.674,47374.16
336.6745,41959.07
336.675,37607.82
336.6755,34141.16
336.676,31411.02
336.6765,29277.27
336.677,27636.49
336.6775,26411.55
336.678,25545.82
336.6785,24998.39
336.679,24740.88
336.6795,24755.79
336.68,25036.44
336.6805,25588.43
336.681,26430.91
336.6815,27596.86
336.682,29133.18
336.6825,31102.23
336.683,33584.22
336.6835,36678.7
336.684,40714.08
336.6845,45397.22
336.685,51043.88
336.6855,57691.61
336.686,65349.14
336.6865,74040.84
336.687,83945.91
336.6875,95409.34
336.688,108704.4
336.6885,123665.9
336.689,139380.8
336.6895,154114.8
336.69,165359.7
336.6905,170409.4
336.691,167448.6
336.6915,156785
336.692,140938
336.6925,123215.4
336.693,106165.7
336.6935,91067.8
336.694,77394.5
336.6945,66746.08
336.695,58320.19
336.6955,51065.45
336.696,44652.21
336.6965,40482.48
336.697,36296.8
336.6975,32830.14
336.698,29936.43
336.6985,27460.81
336.699,25351.54
336.6995,23572.75
336.7,22090.73
336.7005,20872.11
336.701,19886.61
336.7015,19108.22
336.702,18521.26
336.7025,18113.26
336.703,17880.13
336.7035,17825.1
336.704,17959.27
336.7045,18302.27
336.705,18882.77
336.7055,19736.49
336.706,20906.72
336.7065,22424.05
336.707,24282.03
336.7075,26383.47
336.708,28721.03
336.7085,30395.04
336.709,31189.6
336.7095,30893.99
336.71,29695.61
336.7105,28039.05
336.711,26360.67
336.7115,24943.68
336.712,23795.24
336.7125,23206.69
336.713,23047.32
336.7135,23309.23
336.714,23932.98
336.7145,25066.68
336.715,26346.36
336.7155,28556.29
336.716,30875.84
336.7165,33629.26
336.717,38404.35
336.7175,44238.57
336.718,51398.7
336.7185,59752.32
336.719,68975.68
336.7195,78545.9
336.72,86941.5
336.7205,93042.27
336.721,95746.48
336.7215,94236.44
336.722,89147.63
336.7225,80474.65
336.723,70544.68
336.7235,61203.37
336.724,52697.01
336.7245,45591.29
336.725,39841.65
336.7255,35275.16
336.726,31695.73
336.7265,28949.81
336.727,26856.84
336.7275,25333.99
336.728,24310.99
336.7285,23746.39
336.729,23623.66
336.7295,23946.82
336.73,24733.65
336.7305,25994.22
336.731,27919.02
336.7315,30389.07
336.732,32462.22
336.7325,34065.04
336.733,34680.48
336.7335,34077.91
336.734,32488.5
336.7345,30226.11
336.735,28196.69
336.7355,26483.39
336.736,25231.86
336.7365,24462.96
336.737,24166.88
336.7375,24329.54
336.738,24947.96
336.7385,26034.37
336.739,27612.58
336.7395,29706.69
336.74,32322.17
336.7405,35693.89
336.741,39188.96
336.7415,42913.3
336.742,46717.3
336.7425,50546.34
336.743,55075.8
336.7435,59258.67
336.744,64054.27
336.7445,68891.97
336.745,74092.47
336.7455,79299.77
336.746,84956.09
336.7465,89809.19
336.747,91914.63
336.7475,91903.21
336.748,88982.13
336.7485,83753.59
336.749,77093.15
336.7495,69976.94
336.75,63298.12
336.7505,57655.19
336.751,53305.21
336.7515,50276.18
336.752,48521.4
336.7525,48020.07
336.753,48798.35
336.7535,50895.64
336.754,54297.04
336.7545,58846.18
336.755,63972.66
336.7555,68711.48
336.756,71719.77
336.7565,71863.34
336.757,68924.45
336.7575,63755.38
336.758,57689.93
336.7585,51610.63
336.759,46626.12
336.7595,42720.75
336.76,39906.66
336.7605,38189.75
336.761,37356.56
336.7615,37435.18
336.762,38459.93
336.7625,40395.27
336.763,43334.9
336.7635,47322.29
336.764,52335.95
336.7645,58151.65
336.765,64703.06
336.7655,70946.65
336.766,76942.37
336.7665,82722.79
336.767,88086.54
336.7675,92211.35
336.768,93934.36
336.7685,92298.71
336.769,86927.13
336.7695,78905.16
336.77,69480.34
336.7705,60274.14
336.771,52051.39
336.7715,44940.2
336.772,39062.2
336.7725,33707.04
336.773,29866.47
336.7735,26773.12
336.774,23991.41
336.7745,21991.35
336.775,20383.63
336.7755,19324.88
336.776,18774.75
336.7765,18034.03
336.777,17487.21
336.7775,17151.61
336.778,16976.88
336.7785,16919.67
336.779,16920.58
336.7795,16921.32
336.78,16898.83
336.7805,16883.43
336.781,16944.71
336.7815,16942.86
336.782,16940.25
336.7825,17608.86
336.783,18545.66
336.7835,19767.65
336.784,21265.15
336.7845,22981.11
336.785,24804.47
336.7855,26611.16
336.786,28347.63
336.7865,30079.79
336.787,32165.74
336.7875,34362.21
336.788,37401.46
336.7885,40433.08
336.789,43587.98
336.7895,46287.58
336.79,47967.84
336.7905,48412.4
336.791,47709.7
336.7915,47056.01
336.792,46963.55
336.7925,47193.74
336.793,47830.69
336.7935,47328.61
336.794,46961.02
336.7945,45956.92
336.795,45211.04
336.7955,44641.29
336.796,44311.31
336.7965,44282.21
336.797,44787.27
336.7975,46067.11
336.798,48434.21
336.7985,52026.09
336.799,56731.14
336.7995,62044.54
336.8,66995.59
336.8005,70094.64
336.801,70298.76
336.8015,67183.88
336.802,61713.99
336.8025,55260.08
336.803,48967.93
336.8035,43474.18
336.804,38996.8
336.8045,35523.42
336.805,32927.04
336.8055,31144.97
336.806,30055.24
336.8065,29593.17
336.807,29727.52
336.8075,30460.49
336.808,31827.46
336.8085,33895.96
336.809,36761.18
336.8095,40531.32
336.81,45290.4
336.8105,51021.58
336.811,57419.89
336.8115,64061.25
336.812,69988.4
336.8125,74208.2
336.813,76182.42
336.8135,75999.45
336.814,74558.84
336.8145,73085.67
336.815,72623.2
336.8155,73331.63
336.816,75776.61
336.8165,78561.41
336.817,80530.93
336.8175,80387.87
336.818,78086.18
336.8185,72583.13
336.819,65332.54
336.8195,58030.97
336.82,51290.71
336.8205,45592.45
336.821,41010.19
336.8215,37312.93
336.822,34522.04
336.8225,32373.67
336.823,30785.6
336.8235,29713.32
336.824,29077.49
336.8245,28977.37
336.825,28779.18
336.8255,28206.32
336.826,26999.22
336.8265,25103.86
336.827,23354.17
336.8275,21752.53
336.828,20074.06
336.8285,18628.11
336.829,17549.77
336.8295,16616.16
336.83,15902.18
336.8305,15378.38
336.831,15019.71
336.8315,14807.16
336.832,14727.82
336.8325,14774.41
336.833,14944.84
336.8335,15241.98
336.834,15673.67
336.8345,16253.23
336.835,17126.08
336.8355,18073.55
336.836,19254.14
336.8365,20780.44
336.837,22593.55
336.8375,24634.61
336.838,27411.27
336.8385,30426.56
336.839,34606.97
336.8395,39592.34
336.84,45397.73
336.8405,51851.6
336.841,59090.67
336.8415,65861.04
336.842,71937.73
336.8425,76078.89
336.843,77552.79
336.8435,75545.23
336.844,71235.54
336.8445,65620.48
336.845,59995.2
336.8455,55255.48
336.846,51803.04
336.8465,49845.25
336.847,49405.49
336.8475,50366.57
336.848,52571.12
336.8485,55536.89
336.849,58540.54
336.8495,60740.57
336.85,61579.13
336.8505,61113.56
336.851,59847.23
336.8515,58202.57
336.852,56513.95
336.8525,54497.22
336.853,51927.4
336.8535,48780.02
336.854,45217.37
336.8545,41491.32
336.855,37897.98
336.8555,34719.22
336.856,32150.2
336.8565,30279.58
336.857,29121.05
336.8575,28648.72
336.858,28809.27
336.8585,29504.3
336.859,30895.46
336.8595,32041.18
336.86,32967.94
336.8605,33489.61
336.861,33793.57
336.8615,33717.24
336.862,33670.71
336.8625,33935.45
336.863,34780.68
336.8635,36394.29
336.864,38813.88
336.8645,41842.38
336.865,44946.82
336.8655,47336.48
336.866,47922.22
336.8665,46700.29
336.867,43641.72
336.8675,39481.18
336.868,35286.77
336.8685,30926.24
336.869,27869.92
336.8695,25437.93
336.87,23468.94
336.8705,21940.05
336.871,20634.81
336.8715,19551.2
336.872,18700.83
336.8725,18105.63
336.873,17774.13
336.8735,17693.51
336.874,17822.39
336.8745,18080.18
336.875,18094.29
336.8755,18131.35
336.876,18132.46
336.8765,18000.02
336.877,17898.94
336.8775,17930.41
336.878,17975.33
336.8785,18509.12
336.879,19360.13
336.8795,20470.48
336.88,22107.08
336.8805,24235.02
336.881,26937.1
336.8815,30287.67
336.882,34306.88
336.8825,38876.78
336.883,43637.07
336.8835,47957.1
336.884,51186.99
336.8845,52859.91
336.885,53700.93
336.8855,52987.46
336.886,51946.27
336.8865,50586.24
336.887,49361.54
336.8875,48889.35
336.888,49534.45
336.8885,51571.33
336.889,55097.1
336.8895,59986.82
336.89,65781.39
336.8905,71567.88
336.891,76225.84
336.8915,77475.48
336.892,75575.63
336.8925,70457.87
336.893,63529.27
336.8935,56017.42
336.894,49036.34
336.8945,43022.43
336.895,38005.14
336.8955,33821.57
336.896,30260.47
336.8965,27400.97
336.897,24871.07
336.8975,22773.74
336.898,21349.07
336.8985,19997.12
336.899,18941.61
336.8995,18249.97
336.9,18311.51
336.9005,17963.28
336.901,17747.64
336.9015,17764.2
336.902,17958.12
336.9025,18336.79
336.903,18915.73
336.9035,19719.7
336.904,20784.49
336.9045,22159.41
336.905,24045.22
336.9055,26532.78
336.906,29329.53
336.9065,32819.04
336.907,37126.46
336.9075,42334
336.908,48393.23
336.9085,54988.22
336.909,61399.18
336.9095,66186.29
336.91,68865.11
336.9105,68536.34
336.911,66181.11
336.9115,61631.29
336.912,57125.33
336.9125,53072.97
336.913,50123.53
336.9135,48461.45
336.914,48066.46
336.9145,49079.32
336.915,50525.66
336.9155,52197.91
336.916,53478.59
336.9165,54236.99
336.917,54013.21
336.9175,53778.24
336.918,53793.84
336.9185,54064.69
336.919,54901.14
336.9195,56647.47
336.92,59553.41
336.9205,63673.84
336.921,68809.13
336.9215,74706.19
336.922,80960.27
336.9225,87208.57
336.923,93067.97
336.9235,98122.99
336.924,101838
336.9245,103611.5
336.925,102602.9
336.9255,98046.35
336.926,91324.66
336.9265,84034.06
336.927,77572.66
336.9275,72754.14
336.928,70335.7
336.9285,69269.91
336.929,69589.96
336.9295,70553.59
336.93,71219.08
336.9305,71478.21
336.931,70070.84
336.9315,67762.81
336.932,65643.12
336.9325,64998.97
336.933,65344.71
336.9335,67400.64
336.934,71170.19
336.9345,76564.71
336.935,82452.82
336.9355,87297.48
336.936,90739.95
336.9365,91325.04
336.937,89449.41
336.9375,86012.13
336.938,82110.2
336.9385,78356.84
336.939,74688.88
336.9395,70639.21
336.94,65893.07
336.9405,60641.35
336.941,55425.1
336.9415,50541.53
336.942,46727.04
336.9425,43841.23
336.943,41859.18
336.9435,40611.99
336.944,40270.52
336.9445,40697.78
336.945,41906.59
336.9455,43949.41
336.946,46918.37
336.9465,50939.27
336.947,56010.27
336.9475,62515.91
336.948,70261.62
336.9485,78618.28
336.949,87337.56
336.9495,95012.7
336.95,100631.9
336.9505,103775.9
336.951,107206.3
336.9515,110221.5
336.952,114187.4
336.9525,118994.1
336.953,124060.9
336.9535,129027
336.954,134033.7
336.9545,139191.8
336.955,143867.2
336.9555,146605.3
336.956,146295.1
336.9565,143162.4
336.957,137463.6
336.9575,129768.4
336.958,120898.4
336.9585,110876.7
336.959,101228.6
336.9595,91034.27
336.96,81540.13
336.9605,72274.75
336.961,63592.46
336.9615,55461.86
336.962,49076.51
336.9625,43945.32
336.963,39653.45
336.9635,36171.51
336.964,33356.81
336.9645,31687.8
336.965,29593.78
336.9655,28201.65
336.966,27138.09
336.9665,26363.65
336.967,25851.2
336.9675,25584.2
336.968,25555.71
336.9685,25768.03
336.969,26233
336.9695,26972.97
336.97,28022.5
336.9705,29430.85
336.971,31265.19
336.9715,33614.11
336.972,36590.38
336.9725,40329.4
336.973,44976.21
336.9735,50645.47
336.974,57330.3
336.9745,64738.26
336.975,71890.48
336.9755,77500.04
336.976,80812.85
336.9765,80826.36
336.977,78232.09
336.9775,74517.05
336.978,71377.91
336.9785,68890.68
336.979,68468.66
336.9795,69993.38
336.98,73614.09
336.9805,79474.43
336.981,87059.49
336.9815,97484.93
336.982,110214
336.9825,124238.2
336.983,138511.2
336.9835,151127.6
336.984,159913.8
336.9845,164138.8
336.985,163329.2
336.9855,158744
336.986,151711.4
336.9865,144026.2
336.987,137717.4
336.9875,131647.9
336.988,126379.8
336.9885,122127.1
336.989,116739.2
336.9895,109945.9
336.99,101287.2
336.9905,91595.74
336.991,81571.89
336.9915,72561.7
336.992,64252.64
336.9925,57346.36
336.993,51754.81
336.9935,47303.55
336.994,43809.28
336.9945,41111.95
336.995,39083.77
336.9955,37628.65
336.996,36678.61
336.9965,36190.14
336.997,36141.56
336.9975,36531.5
336.998,37378.64
336.9985,38722.52
336.999,40624.53
336.9995,43167.73
337,46451.63
337.0005,50574.44
337.001,55589.93
337.0015,60780.04
337.002,67151.55
337.0025,73439.7
337.003,78942.45
337.0035,83291.59
337.004,87300.67
337.0045,90989.9
337.005,96869.89
337.0055,103935.1
337.006,113499.7
337.0065,125585.8
337.007,139155.3
337.0075,151549.6
337.008,160877.3
337.0085,165433.4
337.009,166444.9
337.0095,165300.3
337.01,165796.3
337.0105,168819.8
337.011,174455.3
337.0115,181863.3
337.012,189700.1
337.0125,194828.9
337.013,197071.9
337.0135,197132.7
337.014,195347.9
337.0145,192597.4
337.015,188720.1
337.0155,184205.7
337.016,177018.3
337.0165,166107
337.017,151765.4
337.0175,135578
337.018,120162.2
337.0185,106871
337.019,94602.91
337.0195,84627.01
337.02,76746.48
337.0205,70676.13
337.021,66141.88
337.0215,62919.4
337.022,61909.07
337.0225,60915.47
337.023,61442.64
337.0235,62444.37
337.024,64482.13
337.0245,67658.98
337.025,72136.35
337.0255,78137.3
337.026,85941.52
337.0265,95856.49
337.027,108136.8
337.0275,122813.8
337.028,140325.4
337.0285,157435.8
337.029,173445.9
337.0295,186591.5
337.03,194250.4
337.0305,196546.4
337.031,195342
337.0315,190063.5
337.032,182684.9
337.0325,174333.1
337.033,166511.7
337.0335,159987.2
337.034,156911.5
337.0345,157344.1
337.035,160092.8
337.0355,163780.8
337.036,167444.6
337.0365,168581.5
337.037,166793.9
337.0375,162480
337.038,156191.4
337.0385,150237.3
337.039,145753.7
337.0395,145300.6
337.04,148847.4
337.0405,156726.1
337.041,170263.7
337.0415,186211.8
337.042,204365.5
337.0425,222811.7
337.043,238241.1
337.0435,245692.2
337.044,245834.9
337.0445,241446.9
337.045,236474.1
337.0455,233722.1
337.046,234699
337.0465,235719.2
337.047,236071.9
337.0475,231133.3
337.048,222276.6
337.0485,209887.2
337.049,197068.8
337.0495,186245.3
337.05,179087.2
337.0505,177892.5
337.051,180300.3
337.0515,187273.4
337.052,197038.6
337.0525,207366.3
337.053,216625.3
337.0535,224001
337.054,228110.3
337.0545,229505.8
337.055,230522.8
337.0555,227626.3
337.056,222159.8
337.0565,215060.6
337.057,206381.8
337.0575,197283.8
337.058,192146
337.0585,190572.8
337.059,194467.7
337.0595,202536.6
337.06,214096.5
337.0605,228241.5
337.061,242804
337.0615,256723.6
337.062,268059.2
337.0625,275139.6
337.063,279966.4
337.0635,283869.6
337.064,289656.5
337.0645,299112.7
337.065,311891.1
337.0655,325511
337.066,336675.5
337.0665,343413.9
337.067,346121.8
337.0675,347725.3
337.068,347096.4
337.0685,346237.6
337.069,348369.2
337.0695,355101
337.07,367013.5
337.0705,382752.9
337.071,399254.6
337.0715,413160.7
337.072,422401
337.0725,426058.6
337.073,428878
337.0735,432637.2
337.074,440691.9
337.0745,453022.1
337.075,468410.1
337.0755,482796.9
337.076,492241.3
337.0765,495228.5
337.077,493284.3
337.0775,489903.1
337.078,488732.5
337.0785,491173.9
337.079,500728.3
337.0795,512229.6
337.08,523712.3
337.0805,532720.1
337.081,536006
337.0815,530621.8
337.082,517365.8
337.0825,495863.8
337.083,469038.7
337.0835,437530
337.084,402573.8
337.0845,365623.4
337.085,328335.5
337.0855,293021.7
337.086,261773.4
337.0865,236713.2
337.087,216362.9
337.0875,202542.8
337.088,191426.7
337.0885,186573.7
337.089,186675.2
337.0895,191241.7
337.09,199808.1
337.0905,212283
337.091,228599.6
337.0915,245711.6
337.092,264147.6
337.0925,279964.4
337.093,288920.2
337.0935,290125.1
337.094,286165.2
337.0945,277884.9
337.095,268242.2
337.0955,260546.1
337.096,257298.7
337.0965,258550.3
337.097,265587.9
337.0975,273838.4
337.098,281822.3
337.0985,283846.4
337.099,279042.2
337.0995,267886
337.1,253837.2
337.1005,240792.8
337.101,230190
337.1015,225996.8
337.102,228280.6
337.1025,234392.9
337.103,243913
337.1035,253326.6
337.104,259023
337.1045,260932.8
337.105,259975.6
337.1055,258206.6
337.106,261453.7
337.1065,268942.4
337.107,279605.5
337.1075,292703.2
337.108,306697.7
337.1085,318375.9
337.109,329793.7
337.1095,342315.4
337.11,359803.5
337.1105,382907.6
337.111,409219.8
337.1115,434862.3
337.112,457255.1
337.1125,471503.3
337.113,478003.9
337.1135,476252.7
337.114,465354.8
337.1145,446006.3
337.115,417297.8
337.1155,384089.2
337.116,350720.9
337.1165,320009.3
337.117,292285.3
337.1175,267510.9
337.118,240663.9
337.1185,216974.4
337.119,193786.2
337.1195,172392.8
337.12,155512.2
337.1205,142063.2
337.121,131797.9
337.1215,124405
337.122,119623.5
337.1225,117291
337.123,117356.4
337.1235,119440.8
337.124,123684.1
337.1245,130849.9
337.125,141306.4
337.1255,153792.7
337.126,166860.4
337.1265,178123.1
337.127,185088.3
337.1275,186769.3
337.128,184566.7
337.1285,181300.1
337.129,179445.3
337.1295,178679.7
337.13,181129.7
337.1305,183364.5
337.131,183026.8
337.1315,178981.7
337.132,172174.4
337.1325,164891.3
337.133,159386.9
337.1335,156254.7
337.134,157698.1
337.1345,164024
337.135,174703.5
337.1355,189139.1
337.136,205865.3
337.1365,222481.5
337.137,235021.7
337.1375,245211.5
337.138,251258
337.1385,257060.6
337.139,261506.6
337.1395,264072.4
337.14,265124.6
337.1405,266511.7
337.141,270097.5
337.1415,275868
337.142,281814.5
337.1425,284004.9
337.143,277676.9
337.1435,262833.9
337.144,239754
337.1445,211893.5
337.145,183220
337.1455,156644.3
337.146,133561.5
337.1465,114229.7
337.147,98319.98
337.1475,85301.3
337.148,74635.48
337.1485,65853.13
337.149,58570.76
337.1495,52484.44
337.15,47356.36
337.1505,43001.09
337.151,39273.79
337.1515,36060.8
337.152,33272.32
337.1525,29625.08
337.153,27531.24
337.1535,25684.51
337.154,24047.48
337.1545,22589.49
337.155,21285.26
337.1555,20113.81
337.156,19057.61
337.1565,17063.54
337.157,16235.04
337.1575,15481.86
337.158,14795.13
337.1585,14167.24
337.159,13591.65
337.1595,13062.69
337.16,12575.44
337.1605,12125.61
337.161,11709.47
337.1615,11323.71
337.162,10965.45
337.1625,9381.54
337.163,9117.985
337.1635,8872.478
337.164,8643.406
337.1645,8429.341
337.165,7074.035
337.1655,6929.778
337.166,6794.664
337.1665,6667.939
337.167,6548.925
337.1675,6437.012
337.168,5074.331
337.1685,5022.379
337.169,3746.547
337.1695,3746.547
337.17,3746.547
337.1705,3746.547
337.171,3746.547
337.1715,3746.547
337.172,3746.547
337.1725,3746.547
337.173,3746.547
337.1735,3746.547
337.174,3746.547
337.1745,3746.547
337.175,3746.547
337.1755,3746.547
337.176,3746.547
337.1765,3746.547
337.177,3746.547
337.1775,3746.547
337.178,3746.547
337.1785,3746.547
337.179,3746.547
337.1795,3746.547
337.18,3746.547
337.1805,3746.547
337.181,3746.547
337.1815,3746.547
337.182,3746.547
337.1825,3746.547
337.183,3746.547
337.1835,3746.547
337.184,3746.547
337.1845,3746.547
337.185,3746.547
337.1855,3746.547
337.186,3746.547
337.1865,3746.547
337.187,3746.547
337.1875,3746.547
337.188,3746.547
337.1885,3746.547
337.189,3746.547
337.1895,3746.547
337.19,3746.547
337.1905,3746.547
337.191,3746.547
337.1915,3746.547
337.192,3746.547
337.1925,3746.547
337.193,3746.547
337.1935,3746.547
337.194,3746.547
337.1945,3746.547
337.195,3746.547
337.1955,3746.547
337.196,3746.547
337.1965,3746.547
337.197,3746.547
337.1975,3746.547
337.198,3746.547
337.1985,3746.547
337.199,3746.547
337.1995,3746.547
337.2,3746.547
337.2005,3746.547
337.201,3746.547
337.2015,3746.547
337.202,3746.547
337.2025,3746.547
337.203,3746.547
337.2035,3746.547
337.204,3746.547
337.2045,3746.547
337.205,3746.547
337.2055,3746.547
337.206,3746.547
337.2065,3746.547
337.207,3746.547
337.2075,3746.547
337.208,3746.547
337.2085,3746.547
337.209,3746.547
337.2095,3746.547
337.21,3746.547
337.2105,3746.547
337.211,3746.547
337.2115,3746.547
337.212,3746.547
337.2125,3746.547
337.213,3746.547
337.2135,3746.547
337.214,3746.547
337.2145,3746.547
337.215,3746.547
337.2155,3746.547
337.216,3746.547
337.2165,3746.547
337.217,3746.547
337.2175,3746.547
337.218,3746.547
337.2185,3746.547
337.219,3746.547
337.2195,3746.547
337.22,3746.547
337.2205,3746.547
337.221,3746.547
337.2215,3746.547
337.222,3746.547
337.2225,3746.547
337.223,3746.547
337.2235,3746.547
337.224,3746.547
337.2245,3746.547
337.225,3746.547
337.2255,3746.547
337.226,3746.547
337.2265,3746.547
337.227,3746.547
337.2275,3746.547
337.228,3746.547
337.2285,3746.547
337.229,3746.547
337.2295,3746.547
337.23,3746.547
337.2305,3746.547
337.231,3746.547
337.2315,3746.547
337.232,3746.547
337.2325,3746.547
337.233,3746.547
337.2335,3746.547
337.234,3746.547
337.2345,3746.547
337.235,3746.547
337.2355,3746.547
337.236,3746.547
337.2365,3746.547
337.237,3746.547
337.2375,3746.547
337.238,3746.547
337.2385,3746.547
337.239,3746.547
337.2395,3746.547
337.24,3746.547
337.2405,3746.547
337.241,3746.547
337.2415,3746.547
337.242,3746.547
337.2425,3746.547
337.243,3746.547
337.2435,3746.547
337.244,3746.547
337.2445,3746.547
337.245,3746.547
337.2455,3746.547
337.246,3746.547
337.2465,3746.547
337.247,3746.547
337.2475,3746.547
337.248,3746.547
337.2485,3746.547
337.249,3746.547
337.2495,3746.547
337.25,3746.547
337.2505,3746.547
337.251,3746.547
337.2515,3746.547
337.252,3746.547
337.2525,3746.547
337.253,3746.547
337.2535,3746.547
337.254,3746.547
337.2545,3746.547
337.255,3746.547
337.2555,3746.547
337.256,3746.547
337.2565,3746.547
337.257,3746.547
337.2575,3746.547
337.258,3746.547
337.2585,3746.547
337.259,3746.547
337.2595,3746.547
337.26,3746.547
337.2605,3746.547
337.261,3746.547
337.2615,3746.547
337.262,3746.547
337.2625,3746.547
337.263,3746.547
337.2635,3746.547
337.264,3746.547
337.2645,3746.547
337.265,3746.547
337.2655,3746.547
337.266,3746.547
337.2665,3746.547
337.267,3746.547
337.2675,3746.547
337.268,3746.547
337.2685,3746.547
337.269,3746.547
337.2695,3746.547
337.27,3746.547
337.2705,3746.547
337.271,3746.547
337.2715,3746.547
337.272,3746.547
337.2725,3746.547
337.273,3746.547
337.2735,3746.547
337.274,3746.547
337.2745,3746.547
337.275,3746.547
337.2755,3746.547
337.276,3746.547
337.2765,3746.547
337.277,3746.547
337.2775,3746.547
337.278,3746.547
337.2785,3746.547
337.279,3746.547
337.2795,3746.547
337.28,3746.547
337.2805,3746.547
337.281,3746.547
337.2815,3746.547
337.282,3746.547
337.2825,3746.547
337.283,3746.547
337.2835,3746.547
337.284,3746.547
337.2845,3746.547
337.285,3746.547
337.2855,3746.547
337.286,3746.547
337.2865,3746.547
337.287,3746.547
337.2875,3746.547
337.288,3746.547
337.2885,3746.547
337.289,3746.547
337.2895,3746.547
337.29,3746.547
337.2905,3746.547
337.291,3746.547
337.2915,3746.547
337.292,3746.547
337.2925,3746.547
337.293,3746.547
337.2935,3746.547
337.294,3746.547
337.2945,3746.547
337.295,3746.547
337.295,3746.547
